219586
51031
872000
334375
549454
299169
447681
29239
270666
904537
23034
297710
210086
696884
571546
200416
432751
689171
785342
643981
556940
819666
936425
121314
275481
20249
427630
435439
42832
232275
463539
74658
684685
118672
95744
35074
20780
339161
445690
304268
30921
579829
99136
97138
396674
384460
23681
249593
577993
257699
630466
482737
18097
748263
474275
409813
906648
244308
152252
167984
827588
979750
436405
34513
499585
573769
18785
438433
417753
203675
313379
50464
449223
21352
1008201
222843
536785
42108
602448
334078
29185
308916
42643
681026
194885
915386
633594
408896
374142
426070
24681
770727
73394
420556
602457
709596
966968
465251
440301
301358
340142
463161
17598
637733
479890
571564
526053
455553
451345
355564
197390
469396
833059
851887
290607
28737
57864
444970
368825
750982
1038399
150816
744481
771905
209296
44262
91703
466183
645126
442850
739066
897882
438406
271806
658120
222871
457715
469709
263270
430038
811530
782685
634550
206170
784023
265397
314277
603745
423319
842284
462088
35088
845297
268718
186748
306844
438689
699221
325153
268175
14798
860983
38272
573796
592527
206079
22605
186098
330098
43302
770743
17647
794862
298417
358839
464267
298302
568871
256140
285048
371100
392253
49763
809597
513180
289103
465709
140042
221883
261524
301495
286506
616437
335025
276707
481451
184929
970576
801670
325182
626475
30153
39016
364863
1010160
36584
34226
290958
335863
534478
492276
466370
469514
735364
228947
203738
621371
851797
628697
252368
470469
647767
713292
45439
322685
85388
197435
807325
663954
49838
31744
60290
259608
427775
258416
527176
251574
104957
866275
330556
393063
327717
798956
341525
477920
427738
425045
47180
733501
695169
892414
716884
58683
455257
654267
265601
900280
440779
405479
933101
42654
63724
812974
190736
55189
506781
88910
500402
144946
433270
360967
369386
204554
45188
52219
82548
804916
722896
436257
769244
431893
106010
679963
723123
891060
572879
430839
362347
293019
967118
434369
712046
640976
780029
412854
249573
186093
47772
308684
766606
82846
462912
628919
778
96332
213395
1010177
425986
576923
328210
27333
422053
486314
258113
444793
306524
27283
967113
301476
43268
186751
19019
678394
305077
614150
482167
390180
673430
93812
51830
17387
40146
748155
556486
302135
405776
119129
37478
808651
450313
306470
33301
764048
46465
28100
359076
238762
451343
48819
342838
902333
454940
770665
660608
44537
372605
786672
835685
22337
487468
469585
446970
371806
742878
284232
421078
477921
793500
615746
250544
330810
610242
363542
425343
723125
690996
788030
469834
764044
994790
335874
43248
627492
292267
221109
778437
854260
253471
627690
764574
47167
26616
325998
513929
130230
780275
68583
164066
692740
215081
792106
337725
302904
592094
23656
337370
277017
357104
432915
11534
642661
529831
359039
332793
302495
599209
494790
258021
814385
162913
20694
21364
784559
332370
414407
15900
28741
818371
670528
41171
421017
582360
856284
470997
456652
457628
598565
388230
26351
980007
422650
269135
971754
701627
304568
733286
59395
86133
305450
734771
731771
734136
212700
710453
498229
250962
442708
222107
536604
642437
706350
167309
247965
15889
875595
773350
384160
293927
464282
446050
711687
515874
464265
501517
651424
519300
748717
409462
51275
435142
512615
310383
286902
958171
165643
834342
489895
582174
435157
222834
442621
92944
438405
39326
625259
380286
388098
553566
581143
453471
878300
821533
38301
576737
443574
181324
449183
778582
381248
369357
792132
444798
579753
17853
739749
523514
252886
603799
299947
192827
331597
179103
504393
643645
515804
754775
70542
499123
167231
365728
931971
644129
306495
660246
337720
772707
451738
258896
509168
65737
20809
453051
552887
18787
769311
223702
308875
751293
596700
174895
624082
597329
265603
770190
336095
288348
243285
43722
772009
155244
496705
261522
15564
377292
37859
510243
652797
503137
81661
55869
258782
304344
876140
62897
43937
635605
642567
356252
144033
567187
88472
579684
363381
467490
603965
518742
249751
43917
69830
453279
288107
432750
239006
472121
262229
799014
658894
507475
610175
866548
586586
867174
187930
271300
614185
599841
408079
797966
793397
495893
470949
675142
267443
200029
312776
297755
744495
258178
230544
772017
297584
446670
873023
674281
19255
299890
292320
11807
293885
807332
293059
297658
826481
111193
264795
39630
16781
611704
635194
296666
23731
492775
188109
744491
181957
331516
24178
668130
292338
541077
257525
715943
74727
185283
532234
439759
292344
810181
459837
733147
833648
63719
660487
760120
582488
670749
198568
526428
788049
258430
454438
514753
783217
250507
705512
85382
64274
25481
431074
330653
82513
76112
929134
270831
312075
282669
775323
374994
35693
63550
465009
243412
858481
869287
162704
545489
192136
56611
107289
22614
432968
807247
198927
602459
337812
823586
710711
281797
482965
292947
295064
621406
45832
32764
51057
252963
628814
386559
69123
47133
365845
42047
486256
330735
707209
628678
432114
50435
353866
626287
288363
58135
425430
73471
770747
16129
718042
693033
388875
602687
604455
525188
867702
307923
464852
422995
326911
819707
186690
273976
557938
246177
63496
716669
159803
457730
311619
766615
55233
253428
50427
907711
50484
39883
104748
485771
276242
626467
340147
523782
451305
483380
477829
222955
660143
710619
774694
1011342
49748
437635
375037
55174
287568
181416
691714
250534
308913
581197
713570
307885
115611
357528
13113
16124
258529
389682
838339
39311
186014
297598
453276
626623
544343
547692
16338
669149
668081
229269
656248
106703
269223
566207
453468
63474
641523
351318
23004
332812
616494
73384
418193
89331
165043
11802
163841
761361
486076
77173
921198
304958
480980
192812
728663
64305
255434
140213
706555
446052
134377
786711
300684
719358
37470
35628
392156
649382
351133
774684
460710
766689
792124
656637
87800
305310
63602
435423
859631
807421
316027
815492
749684
741593
336512
611477
628917
157387
51172
207826
256733
40863
180316
390745
730674
49478
796245
444985
44077
148113
645213
208399
904548
299938
326008
438428
452936
1010185
149197
90536
319926
267326
647128
494686
487130
775266
776053
631096
53819
610218
837926
834266
44598
356255
831637
210618
644874
710561
440513
357101
289152
442879
888435
308905
43252
519736
120765
316662
192843
807350
793487
196436
735338
612773
392359
451302
552274
590932
314253
632574
681310
12651
424063
281871
742288
20703
865287
715853
734122
389892
598530
752262
59256
688580
896737
709514
243602
477825
495820
392274
32845
661897
1046176
674158
45161
212456
306589
645268
690705
287396
703702
580890
28674
790740
323680
571521
24163
435426
13734
81782
311592
875581
606630
592347
244298
571545
733254
262394
749464
30637
708336
572871
55841
1016200
50154
506666
550305
734237
261022
38089
681153
735518
331953
798881
42370
781448
418483
55547
612757
47818
598577
470829
63555
333946
446002
822383
25080
762668
386100
491097
15861
69881
817487
305777
142517
865285
429809
307804
12706
49706
271035
729201
58563
622594
450245
567197
259843
105593
762622
413476
44562
34924
769251
671387
38404
715516
278670
615255
798211
847535
687156
223815
706880
111774
34681
631486
646455
822196
69732
518481
630974
415355
112028
299870
753562
393079
293126
284496
795212
834580
481333
612746
241800
297216
276267
364375
90538
230170
898997
62050
808618
683715
902475
300873
628228
507858
592530
122833
204308
419086
300124
733548
772069
1009011
310211
904391
482444
442294
439724
298042
513809
198921
785331
838423
118169
202172
283946
697886
235708
428783
182728
784136
157076
267830
1006602
497031
191450
402128
877563
507068
48499
805301
730587
422049
583962
14275
634767
307502
77122
82151
265885
89907
91728
660139
485554
27289
658661
295467
642605
469715
89261
446028
683051
350549
446618
820843
800979
792111
314536
199641
220327
145953
632317
504338
879543
793493
142688
514626
291938
615382
37691
316106
262444
866076
308187
59594
626476
751989
760923
518754
173932
426986
628654
835536
215420
793454
673556
783914
760113
370199
97139
335726
601698
235567
118415
438410
631143
239452
11670
90058
68386
333222
681626
977504
257465
284558
810168
615380
13327
495449
806699
52480
737594
464182
49075
433260
764567
631141
465070
58305
402079
691102
399455
356456
295499
727132
452223
705298
39768
23622
324842
16096
261306
375677
829128
185953
723004
877003
77384
487817
270012
904288
427832
61470
643883
30698
497030
625073
589242
309388
890728
763639
305799
933981
240811
903150
575558
332257
609678
320743
301605
45210
235693
198126
616628
512700
281094
718026
820837
137836
479048
823760
15676
592357
569999
69298
50139
161913
49761
749037
83802
663044
560652
610580
87003
242722
40152
1060575
700361
247974
61626
51139
730460
40238
475802
246076
435087
156875
695205
474713
45812
22478
478680
421999
43986
56618
705424
11375
255673
9499
311901
47183
61118
760016
419127
449674
308050
435100
134133
72030
45266
627653
941517
255346
167500
53760
856121
203545
496659
151498
612739
638579
203720
447908
204050
902343
424050
526431
384070
266641
439049
390549
777373
734128
607848
371826
202584
138677
275688
780073
634822
691815
200782
340005
34358
324362
302687
202189
475254
489060
785344
268082
420129
302935
62078
441470
262465
905657
642603
41844
444971
698793
769208
741997
298413
637801
31215
376532
354669
353911
324413
209260
570215
1009658
777275
27346
248651
369471
23025
846027
236195
289079
30816
6956
669762
326931
272216
45192
105598
350290
787193
880916
27789
235204
778694
289983
936443
26416
425052
184204
17201
452802
262235
24107
306510
205083
249102
165891
670451
571589
57491
655039
423041
236153
105597
427068
91701
696302
645584
12654
512747
918836
431654
295320
423060
443435
475449
696571
99137
271563
23031
505010
21936
84052
43695
528949
109793
70870
443432
326026
652796
743124
186100
305886
750364
867033
447843
46662
634714
51797
515139
657652
587321
102659
673825
838466
441271
624034
311950
743274
952043
32445
608943
300603
437285
935098
990510
224946
453996
398269
465417
888966
254456
697765
748411
370794
699492
604006
78714
127046
503044
45631
19551
245999
144674
551585
310948
863007
56557
712934
470917
770606
334328
305295
303674
467613
453893
53512
9275
183331
689727
352100
236068
444630
778713
935916
890858
514747
179771
452080
573318
1070748
729396
882470
235702
546605
625268
330896
308610
464960
303838
364862
800204
693945
899026
652571
308307
135912
48622
841093
12658
374931
374205
594547
546936
188116
43276
255239
384497
714698
459867
468699
805484
718046
13749
882180
510354
55882
60746
818407
221107
797590
287898
62752
21838
321082
735130
533535
426993
450290
225508
169609
281691
244123
249682
417862
465071
546588
963109
741610
868354
64333
167971
665306
185455
717772
17198
427468
253763
143523
384930
98817
439680
328541
544468
352097
258521
472120
119261
752627
241110
704636
826492
228369
280468
19441
64824
31232
574230
777334
209762
361425
284341
25035
876249
635521
325960
394216
323271
6783
51792
164364
741884
279613
830454
483870
111845
218724
53169
732952
422087
668696
261032
166406
655044
96039
63913
310496
15690
84165
216053
617922
632318
221202
531450
620308
50432
23674
55931
571548
738487
812968
236081
519733
636259
648373
641346
19922
300227
52508
837931
617711
92136
414344
663729
269031
583648
712950
286067
299121
184793
536484
45570
16554
296204
155744
41419
16344
185343
680815
470817
49172
920146
304771
68162
356571
83382
613989
470641
269887
47737
303621
540370
290711
416212
58672
470950
974118
374494
241675
853536
518347
275064
23020
322816
1006606
814077
657377
999725
29869
40778
662683
181981
435445
458269
233496
826667
44917
747138
459840
13665
339118
14110
269158
496520
830442
638956
220314
491089
589480
292371
854513
26381
848194
509392
1038405
465777
765302
342219
200070
439760
1017376
598532
488680
357100
317862
14143
489013
228129
31474
26812
689518
773342
399459
479842
235711
289914
607825
252812
1017379
133519
334077
213484
437617
631488
431895
443656
46442
866269
13911
72032
199668
46448
625387
298634
712842
298503
924653
991318
432138
540014
317704
695839
28668
108106
20713
20903
896703
308224
166191
298733
100315
285243
377933
15019
57313
616652
477860
777347
724754
427745
22246
457753
704480
279632
318929
47840
645100
218532
374979
939239
961208
905806
19437
389343
762621
376559
65036
584985
420555
437283
58699
299965
16325
492091
232687
503432
745297
554413
811510
465072
568618
727981
316668
258546
48496
26860
15238
886394
38094
837968
60732
668769
277289
466182
306071
216835
976343
259899
736012
463958
359091
269799
611508
213481
116733
116715
316535
603744
367522
302450
239521
276475
230654
239510
974126
417751
284185
281029
234801
224607
634766
858584
57987
753569
20526
54546
453495
302220
814299
745936
84135
488695
744323
423078
738868
74962
454513
75707
562263
419075
452273
287844
903690
38631
305883
315383
891354
801812
672138
496658
709205
469705
180510
259433
74011
362505
18093
419688
47830
689537
49127
684874
424061
652762
67083
342734
37342
369153
629925
414769
199666
666652
506783
299950
17640
54539
37437
295462
311845
425035
787261
20223
5309
851486
34678
155285
631272
41322
65021
767978
102527
16441
59404
24223
286440
166759
241687
90136
281221
656434
15219
279416
330732
854168
243745
883887
793535
313061
225395
555716
32602
566212
103025
879633
478177
352910
396810
332449
388863
613997
640061
961239
553114
572884
786704
734238
796590
752323
413314
660488
37433
375599
334373
423399
296229
198035
285888
206882
179823
296518
158721
613845
416623
639865
333227
758749
130234
47749
609136
311106
280934
150214
84945
771942
888314
85286
474454
419365
771717
457703
903857
359698
27268
281674
991690
572529
412582
529618
965976
70306
890078
744801
614019
84938
621412
194841
27117
426035
730906
1012509
642579
472081
641093
475170
302738
955167
636168
203049
259833
329069
878509
315317
89348
42998
561129
794896
15556
719283
42636
879812
520303
299535
453024
47773
632548
781334
38686
201885
787998
459757
697764
253985
735357
74835
287375
180226
214992
762514
51833
715583
304590
593192
32847
371858
437634
298842
501873
290778
900469
482627
482441
717369
437078
963102
808744
529841
618124
17207
656752
247209
316429
417209
26359
465970
448129
78687
769248
424033
682216
308526
109264
487364
377970
375758
315906
831572
707548
304567
313326
435995
37468
764612
747158
381702
421032
30307
18518
419119
300123
506656
729519
646432
803233
18778
360826
299980
433619
331063
486251
473953
789137
285723
110106
74222
783915
293793
501506
815584
313966
255321
273328
446967
611464
664931
223289
287489
596292
789400
209459
340139
30140
614307
231923
330949
328369
48471
168061
822437
48820
216969
314910
168731
27801
238131
335656
420050
40163
883994
198177
590580
246034
261122
419152
333336
437350
64290
263916
361121
617849
191331
391210
292249
425373
297693
194071
433237
474433
216776
339463
51734
713127
100519
939506
120857
872865
901240
190402
452355
682418
512623
202151
613118
375512
729802
216196
435152
637403
35278
352118
781463
797356
631475
268286
452308
611851
184080
183264
521386
827819
287046
448452
145809
450246
102177
476978
316174
762669
66450
313778
103056
904798
437348
626285
61494
496458
853117
700373
233948
681165
93391
154663
375795
617726
301030
297134
303214
15453
614522
328357
274031
290989
497018
441569
30651
301647
120741
941538
990339
527705
494235
431110
238345
93282
191550
511437
282692
792058
753274
379565
303616
658722
663671
302137
342836
719348
463502
734117
83377
929986
197898
438640
794853
66880
909897
316173
86832
598860
397599
388843
446913
306029
837398
133395
62495
313763
63453
34812
684381
523826
857792
593882
224572
421081
12455
184752
315872
28939
487514
52401
76617
722135
437286
563579
153261
88967
514155
18733
36573
777920
149416
356222
305157
331515
186073
550678
790746
399536
1016215
194949
109933
777273
658463
440789
80235
102213
195224
303116
546782
752625
436545
388229
196927
259427
252594
633748
574252
302852
620690
27493
434311
450248
919455
1033133
547906
220325
47756
857197
355112
352018
503760
322629
275998
365264
29658
413014
1011338
438940
391443
873240
63613
453431
778604
309767
295517
274631
303550
117545
42019
304612
31152
420090
465372
911418
783284
311542
511544
319838
268682
221145
453348
712147
780033
363526
439395
47103
49467
64584
517490
21867
700353
636065
450282
749429
821122
52450
40309
808764
299897
239812
329284
83806
291059
119938
37318
227105
637501
46538
246222
873032
669899
620176
632316
416136
89717
190656
467302
17210
86181
536019
513177
1013694
57804
442126
880170
205359
295456
512619
55209
792003
462053
57332
336502
448160
54532
76397
319869
307499
458778
318042
447683
731697
316109
701970
470813
25922
331795
221713
57195
481326
43470
607999
659778
435162
432168
617487
423394
996381
181590
486257
28679
105364
623820
672780
30194
724239
466253
338242
815462
132643
41382
1010442
48795
72750
311587
60104
330898
545488
52509
451221
624162
168890
578113
676538
709140
180719
298088
237566
298498
167649
699207
705267
36818
283424
438278
184004
593409
596115
482692
823816
653828
725852
790772
414376
99694
457409
480231
30139
154650
241460
293282
303847
329051
307200
39008
258869
469522
765917
79472
367847
151459
45181
748332
782449
608295
512702
277047
696542
423373
211103
420122
670741
26356
792103
437279
184732
579534
306185
331065
613115
313464
438345
599833
315322
309284
673585
788075
646711
781247
300718
276258
164521
256741
335024
440791
302814
292346
707865
443572
811543
285825
199339
449255
325007
970626
430842
577034
38300
689678
43369
216472
717052
268770
842792
33371
458317
539069
289179
463791
811042
267444
311975
309361
45563
262753
507010
306033
466503
352665
567539
297005
592092
59378
903436
358205
47956
483895
774733
264206
427081
731756
442851
388520
630127
161345
305683
727082
760973
457254
15891
19246
326102
505469
25966
673134
462642
616873
886390
246478
592271
1069933
409417
708164
298437
491798
69169
1314
271996
764572
295485
821030
765250
33918
254656
198873
1050826
571522
298605
607754
276501
28281
717048
309689
477723
436000
184159
682223
205246
47966
82803
454557
46450
289081
503876
290260
575612
745866
494705
979639
452356
27324
774693
883683
617710
298316
445905
92965
22879
130981
467236
434336
13889
201551
515872
976112
302749
16542
422009
416258
768042
650223
24256
873232
564711
59373
437649
62174
83221
819511
671691
679843
593918
1013968
11213
476995
22630
784021
185428
677243
902328
340496
940890
24604
280041
209936
378586
245358
258935
567544
203375
35987
324448
581158
602521
622950
671120
700342
532249
67112
7616
786582
50476
745892
300893
972969
245299
384958
568827
178761
736590
526447
23014
201827
238155
194772
504275
450185
17648
38081
771882
657490
981121
422098
177520
468723
46216
440048
226293
223202
196678
1004235
46018
449226
46512
623809
652529
118401
263108
457682
477533
632545
247872
484684
466381
21314
21992
431415
489190
909487
824932
45167
74282
746457
284972
198625
272429
268263
422988
289955
25889
797604
771958
5939
218712
717212
401327
216858
51793
638586
762058
283658
42146
158189
251967
35089
798879
730459
366852
493088
303097
816482
787915
724371
355348
542903
597438
181223
268183
333266
659745
308599
45569
282866
682238
758837
730529
554190
433272
454499
309649
605098
292629
887782
477365
666821
25467
321719
191551
83366
90081
432137
419074
867871
674827
570023
625070
179092
284126
16341
294562
120743
721961
211080
721768
229324
39916
220345
808757
817086
57988
710849
398652
284158
287513
42736
198923
25720
316937
12122
489797
801745
65568
614407
286083
866625
179357
486317
247833
237386
81026
781020
49141
983429
201878
450250
725497
60759
792148
410711
41521
357477
620261
81780
626437
864361
36721
786667
12330
195785
393266
432195
49062
375697
252352
702861
87505
154141
281259
625267
260707
146184
669769
37778
257223
199669
304921
133420
448153
801828
212701
818316
504013
246552
450316
439383
50359
572888
56545
80562
237789
939515
422068
882769
768011
781341
32535
25465
892660
132043
19230
141451
307295
720713
507851
804497
481432
358264
46206
68453
592222
197873
456536
883468
667697
841938
296855
600796
491094
787360
765241
746586
209311
40502
691965
843647
266488
426471
63788
487470
454409
552269
353122
39656
52296
477850
770605
333425
720932
611852
16989
785304
308046
518828
332496
419137
306568
223595
16760
716937
265702
707942
43613
516561
869683
428801
465377
622946
692303
60816
350870
415858
433207
397648
311688
293117
485036
630476
305867
975270
743143
446010
715806
295597
94606
77955
145507
240332
198920
305490
299465
391530
43935
35639
304434
633809
273842
54441
463160
418721
842363
564893
364861
44550
450943
387414
473234
605475
379224
602520
258504
845223
549662
252039
792146
429664
31743
121503
224129
242676
652626
795478
277293
31679
60424
507945
817043
860481
610216
821046
907008
725533
657483
867614
44523
970578
479863
279568
24592
187623
310952
55243
870584
246801
271278
494741
81008
468710
836888
310924
310093
756209
353872
513443
370164
485060
552960
785593
857155
61473
777269
396698
316274
437103
279592
30726
728010
424056
40244
298485
124535
45889
758407
318587
490881
555721
263084
434346
451301
292367
709583
486274
316130
639863
260202
537422
725606
278555
228921
696618
48405
851
47817
606388
812871
399479
459891
436562
487816
268253
481493
616992
302880
881247
776016
891428
854438
41389
522255
446059
45849
609137
880832
613970
351185
455471
677700
93056
187688
16985
359067
311612
670724
511545
293064
593189
515371
296802
676738
450192
303204
356522
315278
613971
282564
973987
666841
569855
673997
183056
727081
74837
169629
262230
219765
618943
642547
485772
585603
150652
442317
746757
393113
387249
868949
432981
798954
21280
842288
427831
467495
814324
376316
806312
125870
355665
696598
897886
80038
774714
39621
42839
432206
430783
594603
785328
499190
312568
429400
292556
176934
496000
295560
195686
418210
596109
280807
715807
626695
574246
617864
508213
997538
409805
622629
57209
199634
707923
308054
60101
217765
499839
998306
714877
957755
416257
41165
14564
18319
753549
209214
669993
805457
63571
203799
431106
808747
421075
691904
352110
65184
303666
437175
424071
835548
833157
476707
770723
221158
315040
855598
18553
13328
355325
58612
503197
335228
286647
38501
711855
546138
336085
820315
26369
671167
17401
902326
21212
775881
470634
460715
31751
801800
481427
733078
33915
35865
408191
297331
18499
254977
314475
268130
493827
771372
249694
494688
352096
447005
663701
30209
210280
286136
24573
874346
734236
785352
305155
74007
933757
376419
42677
83990
720524
798970
240658
554883
72034
251526
818461
233234
986539
22670
706855
264564
626289
36915
513549
220842
257669
481769
736593
45197
487527
16757
415320
275482
303117
69592
299225
830265
47815
148447
59382
27258
414694
289450
217697
62915
50463
515343
467614
354016
51160
63213
713439
17429
416537
370326
1065134
233018
669896
283932
486295
875594
16987
616589
650222
303844
497098
485387
342277
696350
329107
364215
800360
321479
320940
689808
493034
367764
300092
287216
491595
247926
954419
57898
694321
82234
337937
908167
737251
316397
572889
423987
298441
44941
452373
270928
198125
258567
289017
500669
19446
74810
338577
447122
259365
527693
667897
466521
749740
296079
704465
583354
382601
701225
810135
699384
53766
800329
567360
540309
494684
21447
32761
904881
520114
52402
67501
754845
79453
69734
1060244
214598
214239
695543
42905
601380
13702
308200
507976
492296
478602
276259
850581
445930
299365
732998
623846
342419
407483
459626
38696
589356
43934
308779
758888
296808
453429
308656
308036
46068
686976
675491
804583
866534
326557
257157
49070
79037
914814
32203
498620
593138
96599
309845
409894
774617
845031
30954
860996
423336
408300
460469
275868
32937
811526
245856
554849
63576
29700
55900
789083
330734
756163
447095
706649
425033
282044
193511
443675
20423
39253
615417
865264
168972
43726
504276
411609
43257
369459
26419
893617
273847
771715
446056
39017
707842
142664
202263
892568
810158
556181
266718
684003
852827
600352
446968
246947
16110
341172
797519
619324
574459
103368
52627
223422
305043
704241
705781
763988
105202
24162
318887
58714
843700
715623
296348
629050
673833
285852
31864
742232
255261
47312
461398
426052
18095
290706
709118
710574
305129
418037
725506
51787
54329
316576
1010175
77139
791681
685811
356647
47835
293935
39626
412580
269978
169515
312584
434610
293345
226835
495810
305104
427402
702779
64993
587325
513547
12866
48452
335036
954032
903449
46446
17280
13101
466185
256254
336082
327746
724773
58710
207217
653893
241654
982281
863876
568896
769375
939425
434347
613966
463038
441471
16348
216712
673807
323989
489916
61450
97474
758810
138836
418159
322815
718332
297734
289157
863010
243546
273844
32550
802520
35672
305042
356476
21281
505133
150905
131781
155126
322295
611812
455600
511074
262446
55362
239590
715843
810200
568071
794748
270722
262747
351772
1058050
939820
1049664
725495
55921
275107
484530
22990
52409
152444
313799
672590
601153
95806
331033
423050
770709
374271
686204
466189
49152
186185
194550
897879
912146
33910
58122
477301
60095
575364
58700
623945
790695
228835
629900
227549
419132
642426
874634
455447
1001849
734121
865313
436276
259432
770669
103469
279753
325141
420112
457719
40147
21353
26340
724869
470552
774277
387265
79478
733545
506659
446419
470939
49627
255708
307943
17843
36712
553564
54414
294830
771960
64994
414424
682455
119924
380985
15041
766568
157389
17400
241782
258431
200079
434310
12905
872123
603359
108971
786685
171193
731780
459387
402891
436563
293005
303718
71433
221157
301020
453347
600001
190442
17204
518071
49723
612219
53984
650089
660547
490651
502961
423988
550965
1014811
220246
295591
158719
658922
24145
211101
152445
817082
53860
141273
84112
734217
185081
568875
310151
628229
36268
240490
483356
35674
74272
539564
384067
276661
54442
300116
422015
50424
59354
432171
737958
306484
845047
483157
24228
871905
88933
648797
206153
729784
972856
761363
340358
34905
785340
39637
261896
164274
289180
197131
709435
319941
408899
260785
148039
184859
311849
206178
261502
884713
954251
437357
128609
673349
202788
406182
314608
418175
280038
20575
806486
713076
81018
343007
305377
563566
14572
867610
185284
751280
443734
605277
311490
109236
280802
424035
509163
756149
100488
798943
455558
769919
798870
151351
121529
677066
410713
31166
305805
135105
120538
713592
850259
721962
477454
95039
710843
952078
229774
399548
294155
871699
440522
566215
642421
60987
434055
312192
208540
216049
299218
333636
127276
584203
50794
444983
269906
193510
430033
53175
309254
439710
50652
661893
636867
492187
221155
335101
750965
55917
317610
780038
654978
264151
324429
862644
485099
905649
501890
804597
253461
516364
790561
785298
440505
695846
30211
299015
462086
869031
393940
125470
379527
700864
560726
350415
55897
366815
623818
51082
472101
73302
28849
126221
481940
336083
865026
292224
165323
27215
755139
570157
35634
436486
310932
89721
832801
613271
20988
576732
178045
351987
342208
838382
473285
220837
299955
232238
318966
838054
264505
258121
106892
257647
21754
314995
60105
75443
51756
274049
1022107
96628
216992
268710
1017389
766699
817067
17063
29184
781330
213576
853087
222900
30923
655279
389341
325281
339465
185240
225431
182076
292345
794806
227009
732983
355648
942517
48470
260723
527312
10329
430642
789360
252010
192009
419139
188111
176205
388228
309640
60795
427082
444717
56956
770737
49813
104750
230925
306773
451926
50341
137559
45852
24940
55862
250953
513035
37465
517226
273276
54547
43936
222012
45194
258550
722719
482967
645324
786686
550964
130982
59527
317718
246160
299958
770698
453472
707797
320158
532378
141874
46027
315869
332447
758570
774725
599040
44615
257926
794087
425635
325107
610192
293148
758761
330945
65567
25927
414420
568073
455445
27429
782646
516553
438698
457561
303591
766617
908102
774691
237835
824969
504388
159305
341993
682526
17425
272977
465064
815769
769081
777336
307585
32815
15680
74726
629896
216900
796235
39931
462052
172404
628682
329386
340152
242792
769115
631142
305767
264468
223597
60091
75647
424786
315328
619334
520996
65308
480912
302858
215093
13541
43547
769857
325143
338852
441833
899173
50392
905803
782635
40482
292895
578581
442869
449616
376069
322494
183258
427999
305585
720628
65193
719282
846796
454525
174165
48465
442076
28753
331595
27257
293084
15993
617703
170368
87647
947197
461813
670469
419626
308032
616653
312279
263083
42022
1085320
687794
576931
394129
807070
289144
486793
180925
18510
64119
241391
453426
264501
616490
480249
261136
449182
87085
505457
691738
94177
40126
952120
258990
254482
860258
810156
125433
434060
704205
459755
213437
217539
470543
814342
463140
48488
278805
646485
285379
50053
807366
186409
622778
522252
601197
591843
804582
466376
302393
290739
188647
323620
695451
53852
50361
44098
918362
626241
13134
184399
461678
148206
12891
49154
804337
50439
278480
308008
20173
859647
75531
721647
266246
19105
818444
843750
296950
424049
12115
125306
452922
637512
306441
310825
28487
256191
451355
210093
251611
670997
706631
937536
287649
22686
255757
60422
371125
709300
16569
732918
240807
752250
426040
862335
146292
48445
449046
474087
32844
51118
716851
791296
237748
737509
358840
756192
648282
484331
260199
693410
256619
469428
616483
276647
104264
154652
45209
822479
302912
182821
457601
59191
639851
705284
1012492
21516
797584
253484
638793
486310
144862
169630
903699
602472
628546
414913
302171
671403
386102
142099
49809
21296
325676
36855
466482
276784
755492
763584
391422
45830
309428
420049
682525
339695
247070
104357
800398
435170
125701
297887
971802
814268
15460
447905
42010
727979
18280
56524
192947
449225
143340
436001
447911
66222
138947
474935
901556
66325
21283
631498
493405
41125
681330
642577
386030
446344
295449
38304
80238
128217
415752
26307
67527
451308
65015
295427
723079
126734
210276
447109
426071
1012497
393804
27255
645104
714832
340080
20625
62904
661007
664238
51752
326103
38296
83353
214237
305036
270066
507220
993853
18551
825907
189985
601482
1035240
158213
111361
189524
262503
317479
55905
257279
41518
323258
316096
43373
691152
123728
102663
374933
470988
792119
804538
426042
95792
638549
198590
360824
571561
26582
613976
466834
14144
456272
792020
34129
174125
38904
719729
280143
312356
745620
446966
875668
293045
108939
159427
15683
69299
294834
417158
320941
90137
251388
61381
838638
937779
641765
814300
15117
97140
589354
762687
106471
409811
411111
844979
593650
182122
384950
921202
220243
121363
785375
420659
776050
214431
628868
27742
351104
753481
653705
268032
303113
233144
680424
779989
35104
270783
507859
686119
206192
248281
29214
270851
235253
408984
48384
363345
259986
293776
754827
445776
452300
302169
134905
251550
683244
2436
251363
1006626
637468
520120
430786
491909
16560
296090
758812
117079
765354
369373
169628
192135
70444
15243
392206
582818
1027426
715647
478676
850422
76444
409812
599201
778665
278845
355326
335953
30221
16540
320663
30208
293794
308728
299516
593884
442883
288890
200714
1026610
701226
352099
669775
472130
308005
64480
628869
794282
925958
300006
310944
75697
614383
70447
286474
770031
140044
160284
720968
23316
733252
16772
159527
555424
627969
576988
791463
578053
192896
384530
45905
358228
629915
575607
452835
309075
247507
512745
842790
284622
316144
432614
312687
749710
505470
296242
67070
777365
878015
892053
113410
184677
411953
178321
959447
70722
886300
652524
38518
449099
279837
299357
50732
427991
331699
89115
666241
728045
498446
341786
28217
84777
431897
246512
250985
782690
750404
750966
31227
67873
185241
60762
629931
214138
55356
23387
724756
799006
60674
126483
319884
50875
364287
46240
81009
819673
763585
505534
80249
663174
466391
392746
698796
402892
741710
310118
45195
305047
111265
683886
39624
340148
92154
26360
447072
31219
821088
427778
415631
419474
762620
311951
746977
339570
863909
25533
153131
741885
566190
147182
201307
757453
215996
290702
609445
630467
42775
804578
297860
712153
290687
566218
743142
327514
516378
15340
31246
268598
610205
356649
586509
309487
39524
805977
295321
699230
654006
585601
259976
444967
957824
443564
194852
67110
949872
305804
235948
815672
707851
445777
670991
826452
166758
204154
129025
642442
259791
62386
268159
74292
449244
816902
647757
429376
95879
293850
517903
311223
295230
51109
464158
522256
46928
633576
29489
286970
444628
221885
259951
36211
355331
32003
304931
804562
46452
723075
768024
481768
512735
695347
864515
444623
489890
745922
242484
873234
243911
324930
938793
595487
23393
41787
415360
417244
17419
251909
454493
955448
37467
293923
362511
805894
206912
678391
105022
771881
25099
476644
237211
466073
833117
883728
98834
154439
318450
873609
500660
36127
39884
45597
846608
266356
191452
785337
448453
911211
696409
14358
434070
538997
69397
567497
948762
315867
282140
250971
84546
712969
627695
266503
246802
252028
285245
625058
62906
130578
74892
49535
501876
720804
683242
78647
427071
61687
634763
381868
366600
413453
37487
37682
168771
838502
747726
47792
181285
638788
100541
28258
93794
738424
296992
182109
299389
282830
615439
784028
270412
308612
842387
304321
453467
289953
731652
100496
786697
26357
353569
306404
677736
40791
629927
72773
818406
131780
184165
49987
756199
319859
37473
629892
290456
864339
24239
434049
779930
474890
16514
296353
294096
46521
767524
486600
85709
263344
104255
290772
600981
259437
280520
96298
150591
387364
135034
464155
597222
907009
697894
369501
71163
199639
748082
314311
38702
647949
1004203
183214
51030
628839
340483
786583
28518
725519
504278
356477
182051
384098
531482
354431
574282
969771
29216
391421
14130
29454
365151
916943
826480
15336
325755
340151
441028
334144
815540
631489
16109
178527
1007835
807339
311571
384091
939835
460714
704116
769263
270738
256309
450797
85703
459845
481442
310366
992787
620416
355598
521382
335733
363374
56307
306734
865697
305773
276412
485776
154661
878324
276240
865695
811600
527690
262242
688336
308189
903600
68306
499590
329413
445602
191674
417230
49047
408329
432169
874355
732988
553578
271704
521257
104279
290948
359065
454498
455450
466042
508205
52525
516245
884502
40892
276522
226254
815490
267062
797602
390598
814095
803182
15468
202285
235673
436126
40377
233595
728101
448143
630272
277495
284156
123225
25500
849108
15015
12663
49812
72126
767953
140210
426403
726811
302934
479027
630713
369469
310537
453343
461653
623832
424052
773198
298489
425030
818617
207479
129397
305150
448154
566217
6605
278821
351992
447115
443904
700295
135197
211762
305074
311107
479051
726934
718010
340459
1001823
16130
35880
268206
81014
808731
639837
525665
51152
44636
438430
81786
488597
607645
771880
766363
474278
315321
83220
96180
476637
424041
35988
607649
283219
595489
190196
32261
300111
769281
586187
280390
750980
16981
785915
654210
440754
459889
269022
453439
276686
549188
262759
275915
38483
279622
391510
858513
187463
664438
264783
747226
194921
678645
336652
1014904
547063
317424
622861
770551
285002
774630
406645
246161
475450
556188
356536
673801
769914
279493
287622
443179
582109
265024
324850
516242
712992
594780
814371
249755
296942
451194
593496
457026
737832
447047
18783
14749
484222
60093
747224
318954
814162
639859
432189
46517
118045
450256
108425
637399
745890
527668
435179
902476
204333
188108
95442
306599
160110
671051
702655
627440
378305
30044
299358
439708
932399
251825
577222
681221
783972
388919
509053
208639
751899
216346
807067
352084
455586
432975
773355
45855
22877
352981
394862
707916
459783
741615
342029
602487
758310
226812
476331
539183
155457
128851
275813
682252
297110
809556
275812
998649
453371
23205
416261
748329
47965
967065
571270
633768
69122
90200
471263
386390
633956
53185
26857
569889
283350
76426
765353
270667
836859
198569
762618
50485
306493
459872
267063
422002
778714
445359
665282
163328
622788
794764
510357
807376
214223
91350
63359
109838
524655
681027
669031
429047
56603
35637
306020
645623
768034
255049
80121
290947
670359
492190
308347
484679
804628
37094
23808
27152
919797
539068
554425
92887
424618
31748
834667
763869
142339
40272
33355
672213
324466
278827
668684
46283
786421
788044
298637
537771
305874
853324
288160
142855
106748
369368
312060
117364
47757
423067
292301
457704
774517
597206
53073
195538
268988
872722
641486
388791
160565
439727
876918
656663
804537
66273
45214
275474
371865
115054
100335
769392
62890
954
15915
936809
352119
707281
35625
33295
259669
5771
862650
563027
668036
49267
165246
32807
633535
423044
995826
751324
63552
50440
897751
48410
627464
750740
19261
272414
41178
892412
82890
848136
799019
187534
42248
326891
753560
341293
896456
43372
679477
323485
258420
796286
455552
949257
247871
180613
326100
976115
313071
131165
516628
366119
89589
550188
539499
323351
810115
770718
441566
138103
812687
979640
304318
397776
513928
436508
300666
129978
499838
278757
23320
43064
257548
794747
774620
463073
752268
123729
340039
305807
28670
268287
322574
43037
297882
296446
858490
821797
417227
574235
276520
657761
122713
52466
456639
452374
300715
482245
312577
863583
439229
426342
872934
87870
20490
358271
729310
298339
284740
143575
7710
977667
782404
422946
88687
31672
51816
697066
126481
221120
437573
286065
785368
556490
37805
53885
25908
686997
241663
37074
659750
783999
433271
145406
619349
442854
81195
50457
412507
332373
453458
474723
316108
724751
715706
374269
26805
764157
590578
314467
693117
62823
310229
262463
66023
595888
868287
567707
441324
627450
243826
444797
206498
465386
292156
459870
713462
617731
567176
623954
824983
424403
752322
772588
56495
571523
314333
807383
404877
934741
14131
319817
314018
51829
369444
854453
58607
355800
462913
486253
846574
801724
567366
782696
31144
272091
769008
252959
25798
854446
532382
423011
477473
37472
56514
860128
579380
194923
197111
43274
599808
204306
471268
964758
793387
641138
51151
837244
425066
902334
238156
571177
595218
520565
300712
711730
500788
416262
726759
5422
260791
465355
185958
315323
422057
801761
335239
43280
430030
786657
696328
84778
306134
278630
740472
63452
834030
457337
47303
777327
622625
448066
185242
95484
450815
494717
420107
18098
508671
223005
896906
521255
259327
582114
262432
244138
121313
457684
370320
389839
74010
14138
568305
864279
331509
56634
674642
788009
834316
137392
714213
233132
60791
750745
658728
413773
308626
351161
789920
1025404
331919
612185
354675
671005
521374
860978
207522
625014
41598
25742
764609
361817
66495
386101
825168
35090
294153
579386
469711
686154
572893
741595
261137
730121
314967
130979
645251
645416
482961
425989
703222
434325
32742
277433
773291
215482
28738
293121
250924
992684
463180
17434
360535
519626
705919
671396
341830
601699
790750
254421
221563
209155
310862
407499
309013
63570
284422
607635
507474
731663
700350
873028
740342
230542
488789
273410
249079
948886
600646
789975
531486
198564
314102
14359
317371
901386
626270
60291
809265
657261
159802
193215
414418
253013
647975
944673
119967
552915
684600
45232
503895
254271
91206
472851
23732
416299
653832
672587
502703
498243
21922
712943
59385
450307
810023
793504
28257
641520
769086
902484
709189
32549
437624
776057
798877
517105
610585
776042
80997
737268
714676
197816
1001827
207825
9823
642454
811564
70015
447114
434058
24160
690567
31461
453294
423053
779697
482690
537774
26869
623292
353865
354857
234833
442622
332376
710459
772584
384777
794855
308198
502003
280258
430849
499447
588394
204305
901226
796973
47306
304665
427477
425988
592526
606551
357136
613456
721964
617709
311570
532251
463048
427042
285414
337510
885977
144404
317962
305010
250613
509609
173920
250110
103909
35513
898377
232276
525042
585604
946079
513891
502087
826527
74289
758329
22955
773111
377221
745949
582146
693103
186866
884723
29701
270402
12927
655334
565059
125588
939838
445778
874833
38067
324240
723999
96305
75663
21918
306440
283709
32772
143141
605031
86198
4933
426061
264753
339485
51156
262440
155459
889630
419083
302114
430784
689909
873031
740439
33903
26203
121522
342690
78702
695353
556795
669269
792000
615220
16329
586693
449097
161834
43260
41173
618231
166473
769493
57989
257323
696656
878304
373489
721876
198587
96615
111776
456649
18978
448549
728047
264627
405962
353884
81013
610003
8839
101697
308001
543995
882475
290094
174591
467491
45815
834078
534579
297109
727699
448070
112579
19478
907983
734743
169472
255477
30689
434358
249709
798207
775956
837323
351755
258710
835646
848225
796211
388844
857154
187978
132613
351210
383740
903590
784129
484343
125699
767905
757482
401162
708029
341298
443676
146854
719688
438413
30715
103903
692077
232543
51826
296259
14548
723191
770136
204307
704177
774739
720718
793836
242647
641150
497159
789366
10126
19030
377973
141449
334789
206050
356466
663178
649000
726859
210584
33913
25022
1070750
753573
338391
452426
305878
21986
455556
378786
340932
393328
445689
500752
158932
100492
156776
33815
49134
711002
425024
883462
341354
468758
525912
576571
285174
174884
183736
251577
26370
896702
156296
32825
63776
709095
382076
259664
811521
271275
74283
600072
408986
299974
427777
727225
945047
20164
276362
797119
297704
354832
42657
749702
48444
414346
471835
22598
263238
289927
773383
228817
284106
614182
314448
506219
461527
805954
770211
249971
422047
840937
650600
874807
266226
602709
710663
235785
62831
443706
242526
550512
493397
25466
14853
469708
454231
296105
213628
864516
4057
206916
867960
62128
437169
858547
985369
729623
727446
554878
309987
358382
620149
15892
119968
24601
25524
792140
624161
719638
654935
685976
117546
16624
118342
608932
499516
126098
184007
461791
296103
192203
800375
586692
353568
672211
730808
341045
190816
403682
222865
492274
219828
575821
299216
339606
773408
267080
57311
680148
872946
372710
741727
60973
504600
253343
616634
382541
191490
716781
283450
53159
596074
787843
350292
792149
631154
69790
829685
533538
49064
451246
351601
936129
239476
726857
55163
255357
312313
251471
713554
485559
409310
276263
326697
120640
803179
187263
76425
407988
341825
292040
173234
443655
28195
471698
41788
23388
771891
765309
784257
250466
484346
74113
39899
616489
15235
745951
50458
106755
72109
443889
336731
744326
792127
512734
109582
293502
955023
115512
631485
682332
40132
1046174
661898
496725
48409
817080
302222
46852
158034
34414
279338
772059
929988
16339
882402
249842
290507
744477
798969
299966
614020
449515
300285
449250
366873
293931
585294
456621
61120
578145
663058
503138
413492
49744
443924
413411
27702
500807
808821
259606
643973
294460
423984
252817
43901
771847
488600
764002
645271
103079
511551
283510
296965
781346
679480
746490
935353
753150
425055
702868
712933
300596
30628
443592
233984
47747
7709
783981
39029
695954
815744
503897
501622
46460
390575
28126
319863
303061
758759
41615
420135
139348
27791
39914
776049
313076
590557
417204
806040
250545
972934
274095
679479
285773
922623
691532
236642
404795
895746
858191
316052
474458
61116
656205
655364
626265
80791
972573
271302
622640
128614
869208
710469
547752
477478
279615
641182
275027
591018
454413
72282
328510
187975
476623
2370
989291
289768
636250
733195
774676
753557
506668
540458
56624
195650
710284
852938
141867
16728
170589
709123
473754
43985
809329
631158
756128
122941
254477
789436
593254
27714
219841
143856
15870
167306
824912
103890
670419
213493
455348
540360
849049
313441
36238
358218
486592
298456
685848
352006
451312
62202
896241
300292
435165
483896
313322
394878
220286
24648
322538
475577
332774
635004
485374
53840
35121
35670
289835
782791
441558
448035
225383
796206
616493
487793
491719
370328
371132
389891
629451
579828
414383
305309
135993
260528
433706
329398
187440
277441
776021
239947
211895
149757
620190
302133
392453
436275
607608
455559
876842
48414
437878
434642
468155
190045
29696
300625
840080
507863
489194
818422
593575
730983
60788
998553
488581
315641
537521
276329
229577
45757
47071
875866
307202
300720
441570
165892
341246
31476
393091
150498
637520
424619
313776
15314
447482
369421
410338
772049
261577
274520
774746
620187
87332
332763
514630
578585
574254
141442
664995
268741
742236
176264
444513
224649
393331
404028
710406
181828
605621
224545
13898
452360
164877
393250
694325
12650
714238
535504
265632
176932
340137
111781
382469
299093
628702
439379
394212
8597
44534
303587
309740
395782
416574
14108
402710
719313
718444
737908
887110
278604
315608
572452
289960
1026551
572926
265759
350357
423508
206190
45172
578576
33373
205343
215995
38085
158194
400352
332375
441827
954321
312695
790637
785615
809163
283429
296946
468422
688433
757454
305153
269294
507864
57214
14132
22177
155939
268925
425080
24618
298473
659229
93288
17171
725621
854452
745617
308282
709870
4018
597630
328576
864334
954846
35117
794857
873839
603736
770558
31146
266173
452221
29719
333520
734103
866353
472060
357109
745505
505475
51055
22622
396819
830363
407986
32259
729318
608920
849111
561853
453366
498232
111746
251902
307967
971628
819709
454052
66338
800349
607865
402042
327991
594390
52407
560813
208342
148305
567521
109370
790760
485545
90303
319301
772036
241690
369387
823736
122315
34502
772028
593625
341942
642563
899015
432972
621381
1024070
812978
798860
159021
43253
83336
850363
450056
172657
457728
735933
305875
436274
463751
724969
793435
439398
364865
342818
331643
497120
266557
129777
354451
726848
757511
192008
239198
762662
874064
601383
305327
281572
20071
281819
779986
253037
41491
827807
675133
322785
30183
32803
14781
890824
325984
290631
471763
522649
597212
199622
42031
436198
54534
231412
79449
531454
226300
732984
617908
445604
451310
355151
38405
482531
37187
317458
531109
354736
236136
113425
44610
737936
91324
45894
694453
307882
746815
451363
290781
62782
354456
685426
731687
812894
366855
717773
471581
333230
663176
633930
321529
770382
631140
449257
31723
924922
600027
350863
29982
535206
275728
42029
305304
39926
726855
764050
814334
49766
374461
261521
285878
387248
748164
293887
478677
258968
760718
416279
485912
297107
218059
812943
428798
439738
286651
148111
287523
299880
769335
245499
396715
289950
735723
288636
273789
310728
11660
14799
467486
326813
875589
281581
130348
376838
448060
353885
418160
294495
69119
920525
814319
639858
653997
355633
744310
767969
53170
752258
628915
829111
511432
756139
38295
258591
69773
184089
16340
593193
422636
704034
710391
19025
500312
123939
822331
12112
1007808
37793
273476
370989
1056505
62387
956652
123080
416266
295468
274349
436254
47841
216085
431889
53114
296972
614521
240343
667896
313042
94448
430655
248193
307949
541349
49027
393301
333453
587323
412925
288961
268168
253509
745517
269904
356654
521000
38640
801687
757487
816526
81004
921130
744174
355164
771778
54496
331765
635192
477731
630105
108578
871608
932745
726865
513922
452369
714290
95052
429039
112619
810139
756155
422412
38909
311156
302191
704090
244164
241112
20756
517489
323304
774724
139080
168728
457736
194257
58702
723422
883473
441251
9199
879542
15462
1085322
308191
862346
586696
873015
87072
911049
305163
62774
741996
207010
571535
796216
200767
834257
14547
331777
365844
572873
711669
805955
627967
294710
197382
43462
45814
879621
43972
708032
470816
249793
86524
49072
682051
329003
827690
15206
19963
359077
444520
67750
790783
384072
825009
833058
316887
305386
606751
735343
36466
73233
786943
302978
60060
270730
15670
568858
40496
711737
279520
50411
264894
662702
663702
443660
297716
633712
611486
731848
419951
297258
207724
22325
62879
136697
659755
41517
817808
707940
690296
749970
190801
197821
680669
30155
329369
439469
45798
353556
298615
262642
211773
955438
79228
511562
634973
629909
618942
225457
783969
25109
168510
37201
53793
472132
338240
184679
450196
30643
678292
495891
391398
876292
733001
519310
41489
599895
40552
23245
253782
642576
528962
137951
31473
1017427
631482
677915
797610
303397
211799
460824
235205
418166
506277
288347
51703
27244
823152
696879
545503
432964
599867
741629
303938
1006869
320584
90867
408190
16116
351195
636622
251569
133391
151404
9826
564379
53749
699709
50413
15240
626411
835650
455473
578544
342015
353989
651595
14172
276991
669289
501251
631884
765247
115066
568509
93362
181759
264520
14576
572642
65697
797585
240916
517228
868375
328202
12478
583762
222916
504791
737851
414342
305106
41780
708155
21951
418864
35279
823561
643776
375028
175474
451037
942596
212275
793385
307975
834323
1018579
154271
80555
328284
212883
153661
44166
45375
617881
553856
514139
642639
451364
518739
310806
1050250
319297
828347
341039
15862
57561
43376
801257
960922
799034
13500
772087
734773
224109
688623
572634
427043
240809
320225
43287
466184
312230
235276
773282
464606
790446
451245
45642
801264
150625
635813
47968
50447
642642
66556
40159
310850
171220
890704
102020
552886
624166
297574
299697
11694
270720
61502
481491
100830
714209
854449
326548
637489
766696
704190
192761
65893
594923
524778
129825
43914
164875
16296
350742
821069
661766
785573
327312
564680
580962
735776
19485
676701
851859
515980
655708
209437
81015
16759
983517
418183
350858
290561
949871
39932
771902
771331
27799
394993
168067
639869
288345
58685
727366
238339
615436
186717
796237
354753
56796
340378
43306
679857
418110
52297
436259
823573
237281
304587
981082
554880
709119
642862
454411
244307
32758
701687
701575
405831
559646
451335
70006
586569
656640
278986
634277
469871
306497
290805
665042
398650
51757
39274
309645
86279
185913
581101
368610
293089
586999
639864
301609
400342
900022
420449
766694
18496
49815
468419
160790
40167
329108
413413
298614
498828
52499
616846
39627
451306
329974
256304
32812
223685
318606
74290
273024
285872
864366
767832
476142
525649
864350
744648
461806
168037
937375
253524
66173
39622
796213
862827
13475
475957
297616
60800
405835
231553
731758
302848
218252
43279
718149
27325
303675
277021
711038
723014
642512
62175
491106
215140
173369
138992
650601
371801
224601
254501
90202
192906
975304
25957
865598
646885
13324
370294
471649
353883
515019
695369
744496
387720
235339
446030
278642
443940
838993
21313
323335
514749
533216
300607
527691
605238
59303
614517
703337
342841
173282
32134
693409
94618
322774
412502
153268
23173
274945
872930
939438
106444
326012
280971
477466
31213
451318
16729
549193
51722
459623
853107
352690
129401
710181
757027
243106
420105
492973
17846
729513
730835
290606
627488
259008
90060
302108
128855
887193
44574
602686
22599
68017
92195
15288
696673
158618
74719
878547
420440
453427
852826
280894
287326
38034
370207
696351
698072
285031
651769
259009
197443
692200
266667
605103
968278
629872
699110
602684
188834
303801
544347
500311
436050
462700
328398
819486
47493
203693
555537
305440
271765
421067
33369
645249
308923
22259
64887
135721
395888
190782
646273
615212
436258
276720
441466
252502
687926
790723
340146
137560
462050
208163
460957
44923
73291
287024
331093
811528
568829
770602
626597
369496
324313
910146
310536
53155
768018
23382
272742
39310
283549
62898
690312
788022
62899
628662
167481
736711
55226
523908
223242
46549
393141
212594
3179
297213
321872
683968
38906
418713
492200
509048
748210
293959
312320
485053
494706
292732
62104
182669
250905
21939
450286
122268
827798
582181
782626
103378
621370
481945
293119
871617
299250
317456
264988
293168
213613
203151
322502
60651
623813
575244
790697
577016
17218
357546
513807
223720
196512
448152
126259
161427
452361
340585
31465
47111
436561
60790
850453
197792
443664
512614
31211
672611
877187
337516
454555
71159
471576
356234
255820
285579
146851
262357
29669
352234
1064069
713458
99495
283349
448174
59164
627686
78461
470974
30222
393240
226445
781329
774670
18872
356221
438334
805192
257891
428396
826328
458541
686096
512235
187376
305162
51455
389746
458326
55896
590659
187254
262297
341043
671395
251904
121524
994026
437346
662670
789417
88113
55235
336643
793436
282456
352157
654984
646388
780131
601595
334160
1018535
47822
82562
699116
639822
719389
772008
202501
270033
727140
282762
864344
174893
375666
38420
32204
47829
464121
706561
44521
743247
659839
519738
13135
251860
62186
701855
612533
75504
599210
414404
434044
289087
292349
410707
265814
1015972
238340
991691
722044
47517
271862
323705
302936
792125
340188
891028
592085
355366
530555
805760
746800
431068
613446
724369
310374
467648
482670
28060
259331
42018
724554
907070
958977
19259
39930
37411
41789
271006
18543
25912
107295
671877
850108
743346
211102
335034
1039212
263088
202784
228853
388522
799638
507868
306027
51843
95779
41997
714303
528017
315226
295759
162135
798893
295691
810050
22075
42640
265644
77945
694152
1037421
961942
435161
357107
661900
42646
536220
54481
670629
316143
755957
282569
688202
456538
430022
99148
13261
767224
259002
25897
17390
88131
319257
286154
141557
33931
377938
371102
20704
95051
276480
34527
753285
303668
33399
48400
288300
500050
45817
34815
470953
607659
548977
593455
315241
300600
758751
733285
868355
300100
372606
476645
259840
281101
77590
852258
140513
479827
453433
36592
380344
298377
89918
631288
22673
292268
319336
677191
225518
249630
626672
257545
68151
694259
790660
554404
781344
423036
678474
224581
42014
52166
836955
34844
453316
396808
434052
450255
91370
196202
379346
161114
355332
53127
225409
682232
682244
454943
141155
25527
420092
481455
112604
256475
421071
605345
320665
438728
819516
635883
619187
776258
826438
975245
46082
353554
90352
429040
762617
713555
290742
786669
50421
770033
55870
352104
276428
542712
793517
790129
277285
14363
781355
896878
779845
206197
781251
297113
16994
446615
459404
471273
223023
793530
28959
27320
139810
24622
319103
436270
800822
891409
316498
974935
771374
312009
475094
618963
3939
283405
599892
838461
302190
880910
226279
661763
650764
1019698
572882
737623
285876
440420
804556
756147
141294
253651
39331
356224
308666
764970
623293
86409
269050
561359
251044
485064
421077
581159
803061
253131
272662
41483
511436
32105
30694
336943
199646
780025
185407
32540
278863
415282
286552
211083
547697
31467
431468
17861
632380
240040
766682
614023
638525
289378
265868
37794
436002
342061
827644
636056
979989
436255
479550
122333
701252
782662
215112
253171
933341
321950
769338
303618
1012819
520828
843374
792159
270834
288956
825671
884725
298464
130736
333519
416814
301464
775945
620626
267024
477845
702763
188760
308525
18325
227154
171215
107588
902340
296862
71432
786476
515873
860849
254453
528177
297861
370978
653002
425029
41796
767548
49474
315327
29638
184062
290457
80681
916641
53762
319842
184565
332462
208636
183344
611667
99233
226379
662280
854682
654986
670166
157331
872933
765026
522264
154142
24600
131787
115729
656176
511624
358001
592544
503983
224138
47179
141902
213382
73295
331517
49807
826307
14366
296660
708030
142310
1058966
226274
280151
294152
280335
1016258
505465
740331
190440
23734
892543
35607
48159
57312
24176
20077
533922
277095
445551
308281
328281
580784
429657
309268
520869
316546
23727
866623
318932
577611
477824
368681
949310
350552
586329
90923
202959
892960
48472
359948
306573
296354
695734
615225
882190
144030
26412
554876
735405
35012
443242
731377
477418
447827
287230
248782
337145
227106
313377
58016
1026549
896708
700296
739244
637436
27332
47507
31677
486255
945734
101372
48024
1061766
38914
21515
633561
437191
6878
50106
142025
701600
436509
964270
292393
667421
681227
469353
627469
513998
308026
695321
851485
453213
512726
1062921
160351
449732
221625
29215
16085
293861
339368
20213
244708
47098
131860
505527
350854
490296
394887
274226
20983
700348
186773
364273
522639
78397
308929
633725
850
961931
163399
285411
511100
463155
150035
332367
720523
902336
460496
462835
276638
578307
484572
472722
165220
321791
520117
297885
96330
749971
834210
366105
761360
256627
171180
153254
18526
43277
216295
318576
480289
415728
467596
319949
254294
889628
81003
794804
483850
664807
878220
197825
431114
356235
368437
51083
159799
597908
26362
322967
45169
108538
752285
707845
319366
769916
451218
454387
830439
32743
449617
65309
943638
212736
807363
39320
384053
32274
296967
36578
310142
341122
311104
848227
338707
672212
407556
30384
200053
739049
289168
450289
420046
318544
463172
46519
300076
806003
185348
512091
940534
616444
12908
45903
573999
16946
393950
28960
170310
463836
444829
84585
430648
290944
123620
185418
19987
26867
45168
285871
150073
428518
238395
192666
479109
737959
25885
42117
537890
813714
303930
808825
193848
215956
792063
43352
39923
426985
149889
52478
447054
60649
620381
355785
764047
319815
591343
601339
874633
46518
293924
659996
199441
750977
816503
443906
317292
165025
447118
725612
509872
377211
772007
324315
220691
117528
36821
448188
419079
70305
257965
632324
766626
53181
135863
422773
809993
581230
454491
194971
262466
167106
355541
192828
870873
479043
633932
531449
171827
250128
298467
55129
197404
538098
352434
862326
7376
680181
11895
271789
287007
267344
54568
601456
717367
826530
312014
186859
603805
29647
21634
304428
71867
36865
650245
43084
634807
74638
621815
729198
59357
471958
354808
282443
295443
94131
183735
864894
673817
25919
797606
379301
592091
377314
21667
615366
879627
52224
844839
272616
48448
882119
819684
136644
515013
28760
448753
692149
23327
941487
628811
699125
290261
976447
313048
35272
269872
731973
286716
751960
777921
199375
168228
91900
283112
354761
308670
305662
665615
310505
823757
46541
266450
22685
573470
35067
329286
290945
238500
249995
954323
374131
143782
466195
313320
717047
773278
31668
236461
465262
315763
706510
49696
157109
708826
471949
299363
480133
567529
860755
47171
474089
270761
191074
425043
485423
308623
777392
805944
76038
437074
482163
221506
21997
326099
849114
273696
607824
656145
884890
22945
653663
232244
612778
844155
320015
474716
943602
876256
26797
210530
281566
338288
425044
356216
16993
499573
158954
136725
70010
615412
596409
794435
777341
310188
88454
433259
452367
769371
194211
313770
867712
322407
25980
426057
23356
299202
118145
775872
159016
16188
789407
232924
705361
468733
357359
505604
88579
807823
943537
180312
825101
479882
480607
599872
111765
156989
232781
508204
392454
633929
668719
304566
265639
229681
168229
224105
426066
310539
250489
65035
571504
325296
537868
439746
305392
1006601
423485
16960
769254
312352
418163
1029893
434056
26877
44576
436511
266205
414707
823151
1773
598555
504341
61466
452420
111481
636261
63017
355779
21596
462802
83069
382643
843310
507595
105052
269737
552262
487127
828974
199591
78719
328232
214281
30704
845934
289905
469323
21289
305072
547679
583624
418109
305775
674131
470914
133965
606629
474083
289150
251859
694442
574261
716857
325821
893228
762450
523397
439740
88912
300110
487486
493510
593581
21590
62502
308151
109096
425736
830403
807764
31729
97557
532765
44943
482628
204105
298419
506778
13789
568600
446999
225464
481021
509058
300624
249680
504377
14998
818019
104039
214141
80172
801826
392390
323494
312590
108061
245889
628463
829116
298461
491832
293910
798516
242552
989300
43580
429806
504261
579787
877564
862558
418114
31732
437116
773411
261920
763972
486174
16566
380303
19699
805960
779969
659877
86834
611666
25959
212681
23033
762686
848909
27319
567543
195243
804917
137484
781875
303094
74271
32197
22942
308658
300716
623816
636216
331665
612854
666651
425056
65031
594776
257280
289101
350425
739487
421027
454709
524656
365729
922249
53835
605099
297742
333229
752125
888767
221397
219578
121342
847862
252935
462054
266976
259876
472076
137837
763966
289371
720935
510249
459743
429037
389895
283377
60797
278653
304000
785318
418625
376516
27564
445935
341049
42190
651909
560595
704082
676226
22139
574256
554189
77174
242643
305011
672874
431041
584
80256
865393
528919
215092
381803
61498
641732
874259
834418
276115
29162
723082
55232
279898
493516
495410
300884
960051
302846
483849
70706
489000
259355
863586
760057
46466
19017
417198
671003
633463
255305
499443
195639
299852
78700
437648
38076
766686
65258
718497
500737
588396
19027
255257
22698
446965
696872
242371
62862
335889
371057
577994
298610
156266
466390
70005
267526
154607
442885
316434
47819
782577
324844
204104
204156
673903
429808
18536
170731
282763
43334
712303
219396
279012
290135
806640
31222
476716
487471
26798
500659
784132
800399
413952
61454
831357
288153
66453
650384
475262
451193
523506
528917
784018
484186
354702
510353
608401
996406
32271
118344
806038
719476
369411
703726
196924
41490
67032
307182
108537
729199
329385
60066
736559
494682
466187
30440
752321
572571
359262
94180
882198
370297
612916
100521
850420
429598
661609
357614
484558
472403
650476
397779
43916
453425
168059
208614
567517
297423
740483
71422
310070
24167
293456
16961
417622
102546
72847
301418
775990
467505
195240
892346
522982
764579
64981
341781
62878
56604
176132
364866
472817
35608
1052986
232337
464300
422990
692915
724328
27736
304349
444972
661593
610631
997541
476337
763990
1007007
289829
448074
489791
222369
15439
304408
518368
197872
30719
286586
259104
51786
593870
856934
37085
515858
310530
21205
261567
357351
671171
309394
615368
547139
608931
803177
568869
305812
450186
428788
733266
652613
704039
942234
13501
253982
22936
811503
850445
745501
271577
58003
336016
181441
392277
15779
160337
511440
292564
273790
198119
798471
535204
334519
357968
302377
115497
906096
201107
490223
11794
54247
307974
495383
781310
317672
91716
615246
801802
878320
694233
739358
628696
271807
64198
948814
179541
622628
287522
773356
250214
52620
297135
41015
771779
444215
285870
312423
790771
724334
712271
472919
428087
999731
283321
869468
862053
49081
247660
675976
188775
319816
264770
631092
733509
789393
578013
62163
13114
312635
39872
283413
133591
872927
290744
495448
71969
434042
753610
1030984
410719
350291
196633
755690
242532
860321
351453
769320
792122
145145
242109
334094
297856
808739
990536
516362
598763
166779
887615
669160
264503
1015124
293135
707149
782666
487395
502241
442513
63599
290746
327317
471959
598749
253762
810127
1038404
376061
794399
434299
805752
243680
838491
92334
588091
773354
79470
336942
331095
328282
117748
25937
293961
313434
32746
667312
611496
51153
46022
742997
882113
237774
512736
859644
640054
449817
628881
671694
811522
65038
397545
678478
506777
641733
810204
486583
266595
102210
853113
456009
315645
18977
398661
253447
594775
43980
224578
433209
32298
620155
207608
265220
678396
279101
772057
334021
312714
483083
108427
256190
73297
255416
815036
311327
314532
299964
75444
197780
339265
600533
189271
788055
623784
257151
306741
23740
15442
29927
447088
424070
376553
455105
172405
939414
790761
306597
205380
61461
304586
666678
256283
358208
781335
299972
300005
713872
265393
525187
304653
302679
287470
441839
331763
427037
615418
57905
56590
474082
366827
41388
156870
43367
56633
920738
296095
358267
442856
284405
295005
62586
19734
831571
263
53158
806314
766666
465073
339264
862580
184572
687927
670212
134471
229675
40866
714250
608127
289882
500656
507860
172554
782638
203807
680419
419120
821089
197468
887377
684382
790770
443769
544749
358863
719277
420089
53168
366009
784022
268001
143924
215138
653525
701782
141041
250960
734164
54444
716784
71255
480030
466538
824913
238685
608916
574283
435169
374256
469057
350322
299209
533923
224960
103077
749692
48411
280398
269324
148449
884736
209298
715641
18321
456540
45898
854467
846057
696600
168809
782640
504398
420042
720680
16982
461808
503650
872382
178898
507235
375794
446844
634865
296187
100834
32005
83369
502754
889654
329036
900014
307064
16764
32002
231079
495817
626478
173643
29156
432194
903438
445547
577014
769334
773346
456413
212595
653894
333634
245295
805862
774297
903432
18777
664818
266448
740344
907016
627439
302359
779249
437341
609677
729231
714255
10694
442397
582796
55894
727445
665054
274659
276544
672345
862651
323183
362669
83817
239912
97131
140640
19432
355801
281873
673135
495821
197403
678425
479042
312579
240667
636515
598714
243231
633595
777345
782656
773344
749705
71156
21844
784551
435455
373395
904536
563330
103156
628663
611441
744476
436487
665408
929980
838241
499551
794842
753611
177281
631259
258139
127452
844849
222120
341936
517497
55198
302172
330248
84123
221051
826578
32213
846447
489409
961776
153506
725802
179829
307883
36482
686007
281692
665567
501308
557489
434797
27191
225591
322555
570203
436536
57203
705293
252403
936008
471760
71155
257167
499135
920469
978827
519993
244747
443433
790719
566031
731762
444974
499419
827723
288871
115903
359261
385640
274642
379347
352223
826469
424032
506667
325279
356455
304656
64104
451242
314079
643963
806374
182708
198565
266166
18751
645414
842391
380104
201459
741390
273805
874524
185431
447848
656260
225407
257214
623819
77205
980699
158547
1011603
63586
57255
943542
727136
486758
308179
108119
724439
201148
276787
614003
94649
421105
243526
777390
901557
208619
673454
247690
708301
607014
72582
853290
169516
13276
28589
468642
181411
733808
466532
375039
491882
302095
27806
152316
641306
321932
86173
944395
282761
33098
707841
473608
696354
579726
52479
733849
789976
923290
465066
45193
641344
379452
635193
126762
1054132
450138
203391
780022
287016
252392
1039435
92550
412587
789386
839732
205185
969899
606364
338246
773205
221566
92190
25486
766683
595715
440517
441799
656431
313100
612893
373453
452366
508669
289027
89718
489509
230697
342146
444969
616649
64974
217746
179912
47779
354778
246088
765240
358843
485056
36831
749747
20437
686612
322652
42280
580883
293957
635164
261466
91309
23675
339382
303551
339456
447059
641712
460468
23261
146342
296663
43983
24233
49725
641144
252753
1069883
74720
81758
296973
32199
91764
239944
692706
408905
512937
715518
788032
814779
27071
732999
341356
91325
329390
414339
434918
757499
452352
41486
458321
120273
685626
216062
39873
86506
45875
412505
294583
866265
352057
258590
554850
934412
698840
937455
828353
15686
251311
725613
148310
435155
28514
55126
282637
633977
942555
242095
62192
719315
72642
907050
16990
50487
584202
327510
466531
212908
312059
20086
43891
430031
313324
486773
32751
59383
522260
249799
120782
1015035
16126
99827
192130
81151
662878
298612
720522
445360
78474
300655
125450
478675
866856
25899
388216
52312
1032819
893235
23016
422084
22594
707854
376511
834958
495470
624510
223275
302460
35612
773353
502722
861166
418112
738256
258941
836282
80988
415276
26817
456660
435378
202566
293877
580584
467652
430848
705570
209585
96714
612775
86175
564626
51029
132182
262963
227960
501530
36885
89386
19209
272428
136699
473104
594555
432754
679834
205369
883639
340626
815465
795213
742896
744420
303536
203782
709358
482162
144508
598752
26406
745877
82577
498242
32226
429004
36465
860985
296117
279378
42282
581102
221882
674030
637495
72579
37519
258205
660140
735145
16559
501169
199401
646305
321937
787576
441784
274133
201824
422065
246381
687157
610193
439726
528569
849257
917534
116752
605101
769396
283420
471422
704193
246382
936794
797609
51811
324452
716969
555112
61613
9628
161604
435888
901243
252598
156057
371024
429049
61496
465366
281159
490388
308607
567534
301574
292321
103035
850727
259691
59403
954316
46451
334225
293792
14150
54503
340000
193855
350164
594921
336785
448184
997130
723008
99678
364000
238114
313707
727228
100790
269034
325832
171735
468335
638583
263855
812961
315319
108431
310541
630033
539849
693890
264979
292352
294134
802905
435401
651206
326021
45178
497867
54260
833097
709304
708159
464025
169993
217050
284226
858756
786689
941485
450314
425636
747919
482643
804558
140903
903389
848788
623858
632516
878488
365316
366903
360828
34278
498329
116696
196383
18967
792098
468722
262239
503081
574193
269759
33095
203673
24158
481431
59408
512756
69168
178311
414425
79465
807347
49040
637302
486273
822177
459744
357543
359263
300668
774697
297000
523904
446421
832331
570183
826447
452248
305834
411686
66449
313453
734239
11939
421023
668935
350346
638582
645622
267314
393142
414417
81781
92831
254770
749701
464020
33099
779788
586996
428796
327481
367659
30407
262752
510239
31210
356238
352746
721798
132589
491144
112602
72589
770696
637685
575645
306586
303696
36859
519624
838132
272615
706624
591842
66879
189314
436551
17833
436842
451362
846804
723015
515014
294704
27075
256230
328294
206889
300539
127368
648127
748721
245610
723189
300004
33094
41374
529570
440524
788335
224279
16771
473263
535989
706553
337374
869249
789363
679681
340150
234328
675088
425946
265873
43890
338599
231510
16349
799547
390573
149130
341941
294735
46537
434062
353550
705329
235257
52847
548886
43679
308665
563130
814822
328914
663978
18323
287623
781354
63906
618962
627476
862340
766701
306732
501979
264786
16343
638771
51715
246044
774564
428998
636249
227223
626439
353566
610237
679813
154122
56308
39518
375759
852188
778809
446751
334791
872851
279362
507251
32468
460431
68171
22825
236114
80394
302118
422058
300858
699860
662970
656435
153129
718618
633562
713131
277387
332378
170945
22002
551596
27715
494010
616687
906760
470951
900123
441568
399228
594032
273577
315055
434059
480288
309766
449103
870958
213025
43627
424026
431108
45586
23386
167229
109511
737846
419691
292326
28259
844070
357523
425990
41169
297330
300871
131257
527688
385326
197778
208934
721758
88930
736588
290704
19955
260284
454278
744385
369410
19994
752622
615438
451368
166838
789412
838426
86975
132426
45822
418036
430037
528172
28754
844151
15897
275179
319007
485364
355565
22332
758660
319870
95446
670994
80232
726760
199414
84449
238689
212652
714210
276248
808721
286693
702829
322864
269003
26434
289153
663011
448030
332760
21201
17217
508219
190776
394020
37492
450796
41751
86501
382542
215131
323621
285398
42626
382169
43966
298488
319814
221565
306607
210620
874271
775719
1010402
284084
378821
438415
310369
162911
730531
671377
446993
483862
184009
422994
447100
469820
859646
777377
456686
222989
123893
49804
617687
946137
39245
707858
303108
720716
290729
465276
530901
187730
744492
31150
354886
797649
193487
425082
305317
51790
413489
68507
175662
302358
430014
711995
601330
181352
396781
499133
1016218
613981
326825
455620
138379
44081
958456
359241
140870
293919
417228
290811
294708
306578
659419
901234
73575
516244
194208
271783
505585
798469
616497
32200
53866
384094
818381
280609
197871
923124
342905
696878
1084850
451307
919435
859897
581390
366996
849323
39014
214315
593917
890854
199462
408893
605258
794850
79626
708917
431060
400341
200055
268228
457139
431062
711852
514649
728090
723121
793486
376550
285743
296842
274363
690794
761419
33879
418168
805961
850137
622598
608395
331642
229672
42648
373497
457737
184115
848163
974090
375041
586997
403928
592528
475558
886389
297137
293960
763635
720521
314547
691747
752259
221147
330775
84593
809981
794207
295338
33560
370205
480747
811492
796273
373448
493403
817056
578583
279401
792714
283617
312419
978471
773386
780017
295474
44622
391588
698070
891260
257520
245637
297589
309688
931263
29660
294712
288340
451858
311590
826528
15463
315640
470632
628547
36871
373297
377215
251608
700270
293834
686754
646147
494616
303600
207955
249456
414770
480749
27571
1027654
289885
808774
741708
300126
593051
426789
615207
470475
296586
187931
204920
89410
446026
190607
586697
672319
683180
336611
39308
450190
281219
614018
810138
598765
207637
621723
874269
700452
360115
643036
519338
135544
287392
863891
317615
445361
809939
449248
764161
154477
621407
60793
694134
790022
23357
526051
427995
135809
296868
51832
1024363
470633
907857
641345
50486
9075
740336
275920
28205
618924
305137
394012
99504
259108
667428
560907
341104
255210
466495
739155
641221
444409
226373
595935
436995
308853
129548
493389
52504
532757
96310
311315
51154
331510
932751
264734
718445
339263
202786
289091
1018309
427027
45851
733005
363384
771281
305757
216038
456411
758512
67046
454410
774775
530103
228548
1009004
274108
327705
797597
38413
43474
176117
16770
288320
302395
492194
407997
419129
833025
1029874
22862
303662
874918
536482
60673
642449
325981
445610
784036
256289
492746
409806
726851
63529
408982
444185
37802
13712
319179
431842
480031
302375
658657
369447
466083
303590
53645
42024
165870
411127
770694
226255
378541
596819
32053
575662
464726
143628
60772
72134
350623
221973
396667
633601
614000
432974
297338
431361
777393
223749
382518
435872
517223
222025
366000
578308
555182
712129
85385
319874
723126
309011
689670
481953
270943
1024362
444724
650221
455496
419121
825092
450308
415356
187442
21594
62313
920467
717194
143299
307078
786095
35716
357117
632709
325243
77650
19823
27351
454534
400438
673436
845048
89736
527314
451700
615026
100006
827789
310483
436248
359934
15906
725911
778706
310767
309637
397566
36311
170453
660609
906074
996372
216000
208921
390593
756140
49068
560939
329114
505471
212045
180634
429804
626384
251635
450302
41404
311959
615935
459393
359127
262797
855623
426053
335837
421090
173193
293909
106048
785330
457702
587719
34498
755819
814075
176889
626468
336099
755767
242228
200755
438414
599875
848723
462844
728445
796124
744661
359985
483923
130293
712272
66444
241759
781367
1010492
350271
603983
274264
435153
194128
582524
264153
321993
429016
188407
717386
895549
42116
488335
688141
942518
669777
663136
760000
765371
741713
486271
429665
242943
452418
88893
455501
339115
475542
729221
448158
888446
30214
73356
440425
162130
430835
485519
627009
49043
62847
72584
471953
491070
37693
440300
25544
789442
131983
534827
452400
741576
300910
694127
207779
948765
309405
16342
424399
44301
439743
49769
18317
671766
687924
550505
260322
415359
200375
488294
421415
680686
335691
238982
518826
127048
198390
270655
303685
320288
210381
822271
14356
25033
317605
746758
591154
795216
287500
21293
20648
32805
62195
760097
895960
35622
520961
314857
339116
289945
760947
178030
579756
280395
790727
714243
137953
113458
388890
278913
33350
698100
282639
121546
45556
67084
416289
25961
413954
296859
509047
157856
250206
32282
26066
762712
735437
474842
482168
456412
618910
275
44614
323348
408894
29241
1021776
522546
327630
336510
675860
45632
54445
338851
28751
21518
734332
627827
390850
519735
72578
597223
36828
50480
519739
268185
658666
314537
957050
333298
601152
25979
591159
392279
28677
25907
292466
281668
22615
839773
316127
290588
145613
435893
338244
853195
211835
745758
861306
38691
737250
285867
274191
371351
498832
84144
787930
43258
272983
483894
707850
753554
518863
315058
616454
432654
113440
834256
303837
712607
381103
429917
471948
80992
756223
311150
416282
317631
294183
82563
500765
366909
230069
478745
297863
62753
716133
65741
48494
930275
470474
25972
76972
369509
186886
294926
777922
300697
292160
106049
251313
49747
667979
350282
342105
246749
273261
16731
85746
290779
716961
37281
247691
13487
444766
264496
197142
417220
244413
268701
200219
706900
297112
868294
837932
284409
259466
470823
140446
304346
896726
413491
371787
733238
827783
448065
767903
49477
279131
489795
603253
808771
853318
52628
149233
761176
310075
632372
54526
64695
272182
392369
471260
661633
688182
213490
424991
294647
417164
265638
785572
394213
705905
315320
424940
38406
470519
812938
204705
769395
877663
631286
691768
778707
532942
78133
522650
237280
527685
66445
490707
77720
257975
824914
236133
735371
99677
201306
516253
873021
493404
162141
498830
48407
678276
168976
459706
568861
282495
324162
374850
214286
645585
47959
195216
288478
302369
309638
30692
593441
556876
432969
930974
776003
466118
329387
342833
70504
110153
14555
442188
121752
729564
765245
38915
140622
441077
287435
107696
675024
682062
22794
298408
853084
688787
877172
42216
526426
265172
964759
838239
664014
553573
160313
32050
17411
431894
889985
240808
46534
801094
656290
713558
417924
773928
714211
578014
702853
305838
443440
299215
811601
758762
364241
382723
864893
264780
318248
332331
34439
531455
273436
83379
778312
862627
549191
33212
285053
484338
273386
4074
982345
15419
781610
165318
42112
432103
464913
505540
630133
224554
259016
251867
88530
228534
518751
94211
289976
779927
303597
727227
774754
649003
858796
27250
102518
14785
636242
315769
430035
321859
853183
635519
432971
31739
818385
280453
33699
436003
102526
76032
587933
109936
631124
240391
177740
243282
442598
259005
617688
14800
1012734
100535
792102
302964
838967
537889
194070
836896
37326
883463
794848
678481
59876
686809
64609
266683
284432
264440
699138
59407
486279
871025
43031
825163
630005
640249
529673
741030
427400
264476
351834
710572
426033
28687
259332
843643
769377
68537
211898
265642
822467
80806
499455
631164
712931
83363
814278
43907
661892
625028
102203
467169
474382
878490
711001
8726
42436
894586
477202
18286
865468
300026
384103
506735
411203
921566
299367
439215
1006619
715530
314173
469710
357517
174825
222356
450164
22958
84155
44314
224575
267966
632702
19240
51173
47120
62178
515010
311564
121432
239026
539983
104749
566226
363141
131009
76063
478674
622827
322786
650119
510245
794673
29714
426039
607668
268943
60798
797598
64551
262195
725991
258549
485378
625460
381750
464156
15675
301471
517227
774709
363534
804495
75709
801767
621413
488601
796843
749462
599834
800400
599225
677912
469707
559105
331640
236139
58144
706636
567553
224560
473275
547344
753304
505144
371814
19438
135439
754523
920145
300860
641318
963245
37475
444799
293930
448159
212544
272486
936131
435156
459836
404831
36861
690482
29645
792088
229244
386125
602449
306390
53774
514128
91998
711670
24177
354889
963107
863597
15454
204442
223727
278851
56596
579369
158620
21799
625256
51825
440793
28745
785376
60276
417535
748287
308753
308930
342767
296375
819603
447484
637511
453456
365978
223935
740328
300452
948890
506734
42415
816910
803735
342279
275729
872257
186628
918381
378304
223724
917545
256221
67794
762677
789390
952118
32741
352026
198868
695443
269002
129452
292551
600132
456558
250607
424044
240802
899142
488682
210755
491075
311640
411174
312578
205331
37795
210594
484355
55877
599336
423525
455588
776063
434054
250597
53186
370268
24599
205265
492384
233095
26670
758807
179048
650219
443923
302963
356239
573111
967066
641236
487472
18166
722818
376514
789336
576993
213389
719922
472106
467496
611444
268162
251492
899023
241169
16407
728046
302879
128630
702486
426782
164277
310076
40860
305879
854180
519328
33961
20427
433214
563596
693005
430836
76436
84922
501013
769385
255348
837087
40248
41584
865616
166753
434326
627454
133674
294734
431665
526446
170484
289911
24250
407085
68363
774649
803162
171199
464247
592236
37688
744586
582381
679533
24613
430859
358405
157079
387250
42110
450112
42900
171078
560542
9185
18512
139064
676058
814296
305291
466373
333231
1027425
303846
380304
27266
401074
273550
429814
830927
664017
13746
327455
690568
549661
938980
204153
107278
115088
444716
36293
692527
687273
274087
500673
192785
596126
528572
191496
273470
38529
667537
734181
196261
215172
883191
303933
273270
440298
226295
289447
23023
763288
74937
679598
59377
208922
250011
88936
218394
351752
99979
655211
17193
294998
551817
308696
569949
45802
15663
456537
216708
228821
274212
117513
226676
60000
472917
47828
70547
49737
293264
359413
452276
476531
629921
45786
55349
295453
148999
377250
37790
205378
292394
268184
211863
188826
805482
289021
191797
34500
724257
307806
320796
710471
35871
224600
42033
844735
681031
40542
154184
308010
907984
297976
633833
411090
202043
741283
523526
72759
26422
475264
430363
300581
711672
304386
469799
424941
383317
492652
439399
21307
798952
702830
664986
445607
323215
779975
765373
583589
53878
167277
860691
27739
36867
667427
760052
45897
692961
40555
429815
786668
40263
824336
773042
872007
465263
38297
803736
705916
174473
838277
319887
675345
219053
114795
647639
438679
747733
32820
56935
661901
641140
742030
62889
275058
871612
356802
269615
792016
704505
353313
509050
814302
333936
204140
32817
618232
30131
182648
808818
18066
34806
904880
300733
293134
300729
516329
184617
870288
339459
37484
622568
760076
431843
165793
165239
853605
447093
66819
204444
375624
774615
276506
491934
293685
504263
305046
460928
210966
595918
248821
35669
441150
127886
184568
555730
332660
378827
641337
375803
304876
505472
71308
522519
424057
13458
46438
40553
790754
675008
329351
514469
48443
273250
174590
744195
866641
28270
657435
782654
724327
654007
79639
2668
571309
152524
106736
309635
801733
450163
798987
93068
82576
75734
623983
715569
38020
82500
1006854
640227
842302
100517
793469
256689
204581
237420
611513
261569
683505
266671
860141
601135
129404
625068
431067
368613
430009
607646
289140
991698
716795
364363
975297
603219
24617
128611
28203
471677
488684
63594
192698
268769
299254
703725
17200
740628
40528
355692
382937
871619
476520
314541
762251
817054
251951
266473
196337
303095
322800
187417
659050
203345
264475
356430
30201
202261
646710
135058
296851
442864
53743
730741
927985
994044
15020
81972
297739
303512
425982
717249
351258
253770
51954
16119
467489
380256
455103
47182
103472
423088
706566
302039
173576
298376
288862
311119
875669
597439
62910
266490
16112
776255
341036
708792
546456
793246
358002
116730
465384
652629
718061
633582
327633
456402
120751
359990
856955
863939
522254
856364
481472
298611
626238
855884
253156
322684
884056
197185
40870
463946
611466
616676
880902
831661
24586
714427
428799
778667
183938
153127
45878
275479
638588
889659
922272
810131
421073
671382
571735
308679
304666
351325
27735
694195
154160
33357
232643
248897
306840
45758
21593
672377
243984
25529
454942
411962
807364
179710
885747
318271
684599
467237
173015
887194
800405
835937
520696
462034
16545
784254
427031
627490
194942
861828
166526
644967
756148
587776
877174
1008057
248925
454388
896706
627692
13753
760051
289947
18051
40403
39691
542348
42674
629712
359710
289148
62330
287330
114774
773591
629879
385299
340083
315944
290419
710079
770360
46500
199579
718133
281850
261072
42671
33865
718553
307800
468608
438434
65652
489794
31728
714833
437282
948891
33911
397682
426056
662711
416256
398484
708918
15903
627600
770691
314539
307957
663053
802903
521571
269007
419123
956157
507924
778668
788036
857247
138954
230975
32257
624208
705110
492307
1002249
148883
25479
642424
98306
733100
533667
46872
513923
47123
350347
73359
195717
510326
444624
503196
911086
547140
568826
587904
92957
407999
418117
340220
484164
624163
66379
183405
206689
20316
311595
42658
624511
204484
752175
7056
822374
232273
412497
434043
749693
228818
128726
154316
670164
230921
821059
497618
511769
359088
17164
24146
62146
384137
643811
352646
508203
296408
749691
606798
497583
997540
793485
221522
846198
833479
1058727
378464
643800
281861
186016
239814
758760
522641
456482
142956
941476
456620
425050
497111
861242
322836
788025
221132
713229
227109
257526
843672
182050
417522
789364
72020
418180
358220
220260
471945
127677
726861
57221
500039
283596
95875
593875
12925
15659
518827
353825
662281
290961
972935
174123
622592
588392
429601
296975
498621
863538
769302
60398
214475
456562
498240
603819
295068
556191
475444
567530
297617
700352
613075
274719
278870
782935
750705
365265
41494
472103
892962
448012
811583
65894
465994
40251
467503
14320
443933
488719
729205
480973
447969
316975
421102
325123
485100
283594
41850
800336
773213
293146
154664
297655
212646
64331
607122
807424
119311
513893
724636
144687
357402
579383
223722
45211
235272
269201
305748
933887
279055
317749
721779
34326
25096
493494
547888
287797
16863
22991
443673
139811
324356
34482
450200
724292
318470
834670
485791
761318
69848
744196
197407
55930
602467
426341
318509
460718
277303
768680
556488
137632
371921
78698
652795
159646
498248
63020
870372
635085
559102
510565
258783
488683
25495
477730
293947
323350
430846
45622
200377
280953
823637
784135
303255
476342
215097
342839
31520
37427
116547
896590
316125
725511
55940
316892
324451
322783
25925
695646
11830
49033
209257
91336
38632
394867
215998
510803
60420
455621
365725
373391
227974
352903
49065
382484
941235
45123
256770
640977
11535
602492
825933
333947
140470
779246
103325
904825
624345
16779
287518
276571
794868
54569
320223
320939
420051
739098
607664
519730
39256
810104
664944
448123
287002
571360
360966
90909
684785
39036
881920
506660
178319
25036
234863
45837
199976
16782
472567
879528
751032
442615
683812
447090
264793
869252
57990
41998
262445
213486
618957
653775
153660
273454
612749
418170
442867
143938
401120
782544
370519
459902
804545
422489
353544
284229
657749
306021
696347
196363
188065
44767
255207
749720
13351
276601
447000
159749
299531
474274
474091
678280
595705
487525
32264
207829
597045
324303
608900
575593
24535
462843
715536
43897
518375
550960
323122
767358
467492
752150
689387
36853
25968
32546
605075
371077
177701
315325
815644
803672
513816
43996
252815
847817
464953
229705
371927
15421
352024
248727
233967
300687
673542
937483
327459
904252
492998
897850
305761
314551
194136
476173
260200
143518
231569
31741
971749
276246
578198
28292
42115
335162
182135
947562
463128
647664
88734
495892
50383
660146
358851
505588
775951
970624
62196
47310
615258
390595
158206
825111
296444
838741
47519
418115
356225
95746
980810
467649
485037
842424
643939
360451
706527
78703
268155
706622
207306
292333
392451
608167
853114
33925
281240
25537
892101
57322
146483
487493
101676
51834
627651
862789
487511
432952
322000
467308
487473
618954
744581
38645
465069
114581
726738
601363
145039
431898
631159
38036
293142
719882
79039
197084
418164
262671
23809
810154
276644
616633
808650
630131
458542
425061
421642
663067
292339
3997
671118
78648
663706
365109
154075
728096
750755
493497
540369
435399
713553
579971
677560
55218
565963
387717
771954
443937
355566
202194
119549
459344
420662
641216
15466
560625
443460
198176
772022
53122
49320
263323
165219
668533
33366
446754
223697
68589
256614
22611
283430
266138
793509
485082
195711
237769
774688
568276
171173
219469
24507
578570
1019467
28654
296961
330179
187090
219980
438336
271337
832075
131911
724647
359163
776086
748409
306571
851847
920971
16553
159297
658721
991730
862564
37699
796197
615204
50466
855610
342993
11679
264785
143100
256771
873259
956582
642391
420099
20167
544342
356475
239276
770925
52489
670541
28681
194551
440371
43680
284109
413059
258544
49731
231095
727977
389041
998714
255125
1024310
183494
545091
439040
338238
313445
153508
453491
838233
20707
906506
23343
50444
671126
386719
188097
720723
325011
325993
449246
627438
460934
435425
1044056
499177
88134
460717
213297
452364
13456
373385
127045
18332
449241
847839
49543
721785
278806
103072
73494
797664
251461
62902
322637
431739
608959
184362
405415
545726
499445
294715
63556
501049
613117
800361
887075
1035015
640993
34112
357440
327367
253884
734676
42207
351218
663712
618395
228411
477888
303909
499028
458696
213571
115050
23017
421502
237806
870369
636334
139254
357352
599870
300877
31752
288968
952757
776598
629093
366141
525044
440427
463182
342984
427041
222010
796222
357311
470952
713877
129032
590879
279358
330866
709291
44637
471836
610217
868372
231380
655206
299368
92961
231376
792116
113497
286393
187765
53134
295594
35059
625067
62327
61475
59981
683834
306050
47140
295446
298697
302862
617888
216342
487487
466537
846873
111192
509057
470861
741704
412083
549663
498332
308197
485540
55214
1037359
646484
43272
702091
683049
702469
61515
500292
631214
24594
58688
671001
241207
728031
315854
334161
41641
183127
731784
441315
13567
417161
469271
293060
504267
426060
618960
35712
360769
311995
432963
235212
959603
294679
749853
182649
249843
31742
32750
263025
251280
40861
690717
327385
794856
135895
274232
507472
478582
305379
15641
466120
564895
512719
35899
241267
204469
483379
628257
77041
633694
675333
509167
586511
293917
620498
47093
311848
575359
678469
835521
309006
460851
180730
769391
773587
500790
897876
54157
304314
409373
313022
897602
194256
364001
236135
309756
46211
793484
308287
103057
567350
636157
293431
56049
305452
829105
815580
685839
269222
45818
459862
433548
792030
17180
334097
865195
803189
316905
827742
194554
418564
544372
308655
608949
448661
969406
80240
670722
769393
468606
700262
212598
313825
391516
711671
281165
781315
392281
148025
280518
66452
269017
134334
218626
352098
90062
686608
224637
195429
227986
55898
616251
472918
38661
303678
567349
718331
384845
465771
9265
428649
446031
700616
222744
555107
201458
45811
523905
514322
26350
435145
393809
774770
805979
222873
52211
949924
313333
224929
485773
446042
280148
197596
70449
251648
474893
261133
297030
818429
858564
556189
40250
537706
181161
28759
128850
266168
314600
444629
423038
822399
210930
256768
268972
101696
235429
199270
417202
76392
437358
846865
513815
26796
728086
35980
808775
724440
727133
442620
204569
280576
40239
161115
871036
731774
957756
644294
354673
418119
602828
775230
97508
16971
888841
185244
671208
161081
395002
64822
216886
281367
25508
752304
457285
723991
386597
69789
71348
82580
292390
275711
18728
190773
285172
794854
25020
425068
300125
58001
337085
510809
830455
700743
396677
15112
960606
196861
419128
707839
38550
775954
137952
662484
594635
1025479
535205
170946
620169
708919
528950
385688
432197
767968
244761
351322
43286
1009420
908942
264787
711740
719392
889655
711857
305296
418174
191122
450311
171279
302219
268575
462842
563158
464292
443922
43353
259662
276132
774619
289906
227122
961311
268953
961930
506398
45872
303110
616477
240813
811509
767190
146287
222406
472080
258417
662682
222915
968237
803140
644330
440421
733014
295000
67026
258156
477160
803168
822423
52607
744322
334233
295748
362678
759343
705360
699368
56556
884718
954865
757512
45264
436485
896707
414705
781358
682254
810170
305049
487389
277216
40595
453752
938159
439285
25086
140684
949670
797595
380340
44616
842136
147183
822430
310378
724342
253376
412503
507944
33215
599884
320943
16842
800342
303142
268435
789398
87774
263858
212726
205878
36658
672600
53131
35276
527295
709192
677762
439326
720516
438182
622822
768029
513797
190048
131013
326429
324445
32222
241684
603999
293871
16528
470987
21291
424987
785903
107267
126277
109808
416804
587582
27337
448031
199136
729278
240873
469518
503068
21050
422077
61818
307077
520887
633934
443934
33315
445904
389897
905906
259888
122012
112924
112101
106735
354910
435909
49932
18552
432973
294642
342426
417229
470976
363510
475451
762663
35673
557963
554320
75298
545295
203170
760127
190046
712951
612751
814079
58018
574272
1057223
802333
139210
93390
189730
264791
503633
423408
927105
685061
355798
20084
457705
706632
9497
430683
869251
369510
53094
714534
656945
327436
182360
774696
666773
305305
704196
33851
407606
60799
520310
662286
1035358
298636
691489
310371
55223
29221
298698
241765
1011609
1007048
254750
356678
263009
512744
419155
253827
547886
637762
726863
501885
690355
307309
454496
165126
259307
68588
228819
14586
338393
232644
463137
306031
307068
144939
658672
268597
477538
37175
256268
26880
43918
450281
418679
659903
299823
267312
882120
54501
187374
624085
261975
256347
1064618
673832
508700
420045
454384
430834
434298
634918
84312
102021
701910
838510
375800
19200
418181
430323
975161
507502
352977
631480
820872
747504
616486
728102
808759
900454
649002
305495
273001
95878
4320
265742
544350
352009
434900
103889
331096
721509
807382
342361
314553
126287
626655
418153
369452
421957
434360
264754
33933
384052
306487
28958
84632
767999
309417
309378
33847
418167
24229
780021
424048
364245
945746
44535
68168
572874
600057
513814
295667
310854
789245
91722
13851
51717
423942
340976
418156
473233
295498
225420
556182
69737
409804
414115
477380
852945
741955
42226
275326
757460
351975
305720
433540
309334
367888
317461
429056
306755
724672
60080
1030973
36583
305143
506305
885032
207006
821079
324793
49814
447682
19743
630266
67161
237304
342961
450285
936934
178777
798962
15239
25459
187928
334372
342000
715942
35518
445945
707917
216872
409025
42003
308188
90069
566206
700360
704338
128756
371879
136432
57956
232367
24659
68308
766553
53733
900122
636001
56607
37480
290557
423035
574316
41798
44909
31670
60764
432813
301467
253523
115907
583513
374934
632432
853122
19557
289106
188202
627657
518479
67115
266481
662433
202209
48391
767547
32804
45592
334429
304585
788063
801749
363321
320691
402130
64691
670181
298337
46855
218578
670996
415622
850405
150852
67695
331955
794825
736975
584983
303944
745472
51011
422048
275702
29654
277472
313381
432955
796140
463185
289823
56576
353819
356653
815738
191553
743535
790758
475263
354759
103904
558339
619060
42629
31208
287837
23827
45630
427998
36822
680859
317233
42869
374101
316534
308201
181414
227973
369449
801503
448161
374849
354430
778658
847729
437614
621722
289135
54522
92538
590093
311162
852923
329888
289357
562253
297687
747164
223758
43921
442512
430844
705359
793461
365510
1062924
925688
598858
30223
369333
556187
415321
312327
285241
829098
260210
206095
201846
243144
407082
238236
788051
613123
379585
378585
664927
57208
158123
759710
303719
25023
614368
793449
264709
339272
144115
377786
501508
464283
471587
73537
390746
246751
305983
480256
622863
298640
547748
901236
477548
570212
485098
216998
646409
1001058
132586
36729
619132
658749
830437
1038493
446040
273256
447089
302441
608944
642787
444733
510229
456650
30228
853158
194849
42743
699126
452399
446611
138969
959454
853186
729666
934901
631492
165486
27737
211108
340514
793513
421068
47834
94101
608918
141035
192229
444714
263315
868947
695335
251994
669266
617854
458543
195019
190737
105164
292357
95004
265401
459907
770719
419140
458792
258086
871603
219829
277092
40241
781342
891079
325992
65692
121480
76909
574233
708473
453430
448036
880921
350852
880908
292350
942515
255307
58676
81558
76366
871035
216879
448008
35013
340149
814291
23330
104170
258957
322331
299108
855766
31206
656208
84916
805860
1006640
928990
697172
16300
317705
446998
1079659
391389
837165
583515
302353
204106
193595
515876
264893
782573
513925
49013
55191
287335
20214
472401
504339
366967
723081
305313
479086
501887
279353
880066
74724
797572
370174
25478
281384
489412
602506
688165
445246
188600
800369
25468
53775
182714
351765
195990
494708
733832
19339
454708
262744
16508
455342
306455
566225
84917
18632
603826
772169
29715
467531
356256
227114
77961
562162
406600
103366
210120
160606
805981
938852
815459
158734
851431
484168
901235
1063187
27784
425028
445991
297689
585158
437351
141471
782647
767786
298378
668694
640326
614002
629893
722729
723305
11957
234420
762578
615038
491161
863980
225834
700882
235847
247081
571519
421403
117574
21600
199990
480230
628914
28730
181875
413414
214275
49137
303596
253914
334515
15898
373389
102055
231606
1066909
41602
805952
419084
292261
220308
277286
308667
195956
91816
782670
691483
15902
207828
393624
310370
798983
145594
773338
82419
48379
575276
437725
679668
431906
272488
104761
905656
138326
427996
667303
614014
531664
181235
1019694
42267
277448
401968
52511
895301
392745
441818
39625
870585
578249
599839
879814
487396
659158
205335
189566
491113
515878
419151
173860
138955
125307
35026
191441
515340
626239
488703
445774
265629
757641
369390
38021
536488
435443
310082
819695
763798
513806
55183
744468
810203
972940
758836
36710
703833
782672
242346
662430
477483
464284
723020
300677
305489
665510
467504
797515
459478
452357
778699
735450
810141
279414
64982
781599
305298
260636
540308
255364
715250
739672
45783
23338
448142
446840
233982
341292
65034
232272
802600
80737
678850
454416
34863
517609
56925
27296
483891
81258
440523
601179
33652
193152
1012514
770560
321587
262150
422947
468615
231768
820437
321934
201142
455151
664155
457718
874352
33359
1041412
606578
829101
570189
233926
89345
293696
197850
798978
406735
596573
745863
934993
309400
93079
440514
805965
67042
318973
690522
293943
64425
227981
845111
748186
54530
964277
325905
25532
328285
772070
869693
15866
37474
796882
773286
280187
854465
717067
836290
374259
45260
513921
275730
602792
353551
66322
486180
331087
317703
34335
60400
292733
474383
11473
493391
323532
60090
509165
262469
302422
496205
293130
251656
626209
667764
866841
234390
884628
73032
341868
608940
253841
313854
464302
426062
352670
431900
93801
251598
661128
284234
26428
500731
469703
414386
447053
579788
136730
614022
768013
417213
76556
57857
596714
504238
193536
571569
299846
872356
782641
208638
173192
18981
101677
637412
254317
73935
40768
747951
785849
238666
954318
791087
220411
536976
142270
303384
150495
512617
445559
213495
414343
483868
858297
43909
714311
470937
810110
740397
711660
460687
108745
628911
279075
392750
940910
25089
32385
38084
1037358
572887
428047
632379
16511
269197
441768
237854
725572
453283
153832
419150
326013
777386
682289
256780
414700
135204
4055
355336
445000
40790
700337
528188
280021
205994
610213
846599
800157
51149
579776
657668
513932
431909
470827
626441
605036
353561
182042
672316
446617
445718
631513
433269
28262
860187
460500
284499
210972
139185
201161
503082
762737
128618
734218
43261
323337
847694
431472
834103
814917
47719
33103
788034
282649
278557
41390
902491
470975
204576
532367
234520
170721
14347
49063
685555
615260
28206
487391
294240
431584
804067
606564
603771
211788
455596
416224
857160
353017
652654
626216
330655
853167
419143
197416
337369
28282
885015
275712
830731
139852
534938
48501
473110
433221
116703
745689
318608
186772
286191
181284
30693
108426
703076
876917
1064076
431630
1001064
793353
23813
421086
723074
321671
269004
190653
1029891
652940
421412
53093
276992
307799
452799
28857
61491
105906
931754
266713
851803
773936
315706
184848
430012
461933
451361
408549
796960
78708
495949
776036
472913
267722
316428
253355
717988
154474
662879
376459
35875
1062344
677186
477480
47142
31761
512616
79703
610233
466966
689887
890852
74943
274792
443601
176856
443814
854903
261359
462681
375676
254484
271564
497667
58698
992884
752609
654009
494704
479889
308613
719294
602415
33844
53813
459843
558336
81790
429048
468586
588416
933336
78696
45258
381008
95492
296230
133130
773394
40699
261078
696336
431729
219084
727135
252391
353562
35073
9645
507467
199637
983176
54436
854725
328335
699108
179914
755827
881452
674127
674769
711854
392389
282645
418178
35071
823780
30711
22278
596101
971703
35060
297783
532734
764053
270865
793492
788061
902331
798959
320074
260253
324449
82566
486589
35091
453753
109315
856139
362507
415283
220442
1009009
471766
777337
608190
70483
626229
29894
189025
537057
179790
567498
730618
154147
315338
727226
84969
8615
298383
755144
94938
318590
58028
37476
277386
340256
370166
462896
617685
825089
47091
766612
255534
621641
397375
321145
152512
275685
734447
640404
384029
716148
520113
272426
59394
211400
139078
299857
462051
668771
525175
919798
414416
324483
448179
697885
614989
13683
288338
240841
501888
83665
818411
711794
173642
244024
470812
520311
83364
289328
334932
861244
72014
17213
293623
431687
273006
593418
465302
1024194
20770
408897
178330
773943
597231
278777
801743
442884
264935
739181
279262
407994
53844
864360
285367
51799
35077
628278
292347
772706
402784
793526
718932
45881
274250
25112
157290
338600
448189
747211
356226
251861
13266
120026
20763
472522
304380
37939
503080
633596
801611
728391
463742
468616
658122
589346
296183
714241
419082
269008
396000
445495
704473
631122
329801
247056
487824
571563
771373
579657
625024
572904
72680
19707
335877
21053
187366
333943
255407
83378
306598
36205
449218
836708
652526
717762
520700
42000
725800
554882
16979
378066
21680
364391
318273
1053746
45571
729668
51157
446774
305850
421019
589081
453441
805068
209593
253372
376555
705358
490632
821082
17402
793234
739141
808748
728094
422088
375737
358842
589082
545763
354444
40748
149974
483361
54196
812815
199362
47821
1036301
33650
351193
466507
112316
719390
754855
676074
101245
483836
328898
299860
318502
318484
515018
11950
38410
308898
250546
430053
66451
817908
271805
515330
29235
439282
1010180
47505
239250
792009
627494
534019
29892
325820
247460
254290
16984
18980
55231
509059
612753
120642
298189
475169
43472
492199
281693
269907
267510
323347
673551
789413
798865
817018
461944
40341
18279
823770
166772
450259
217852
446058
64849
919046
209456
431907
213418
451371
312331
269015
334096
54558
432914
49909
448972
253541
21113
842289
761354
181870
47191
252862
92822
46473
1021963
594839
436512
489131
308778
44536
143929
504394
423037
235211
770730
571729
440724
622389
851763
709299
728103
89974
362275
561742
670163
818442
78665
774575
302247
618961
519710
895546
427032
271580
483834
262760
283474
374052
500661
258931
31339
633937
171200
746643
524657
570216
731667
774614
499576
289963
476172
44538
566219
523913
393623
88120
951788
444796
149965
300828
646454
76579
422993
722743
57319
139847
529448
637148
43857
630912
448067
355651
28766
17405
276254
245917
622949
335086
492273
151628
408987
423059
244292
19218
261627
446024
33352
796181
284424
750578
769343
850906
30439
419085
635021
1015081
321138
858290
723470
336919
266854
22279
691726
456617
726822
477841
716168
375698
636407
57630
33657
187300
319448
859929
395956
309012
823727
278948
36220
204885
727369
534935
616667
449189
494344
503086
308035
415313
484932
422992
351253
279724
80998
272708
380346
763374
42739
713014
307971
194919
245587
701580
470916
298159
352912
523524
615759
602720
499586
54524
256609
171461
947200
652200
392254
721830
21677
252404
875682
564889
35861
582797
100848
543853
703239
23003
365123
579567
301068
430054
462916
445609
306032
17436
299361
509870
513466
28956
390548
195954
445997
289655
420121
394214
21915
335229
781245
359945
58701
749010
705368
418158
808768
745601
54567
35462
316926
115862
644176
314984
458385
696685
235256
316667
16775
626603
296108
36209
858716
825093
77141
720564
269539
468721
341041
814301
182738
735970
834296
228852
356241
459909
339490
57975
31149
453869
823794
151343
790785
480132
451369
325679
835993
253980
871519
267447
362645
854263
306300
55241
394885
368623
896722
140046
43658
466377
310126
817899
883470
592381
276694
241762
166756
65733
265881
198524
313773
236107
786977
505606
661235
19573
19995
225463
172535
866958
367715
671161
476643
488678
44551
357989
776004
784029
814163
259940
878496
432768
256195
726812
724364
289881
117488
578367
586854
92138
86026
578183
971806
265630
908186
30181
59255
449820
268672
90891
438409
626944
373494
336693
339418
358679
615238
637510
142549
224990
425032
290960
24965
582798
136145
381361
130210
47170
36252
442375
873236
420098
531083
417207
17428
687940
551755
80978
323528
724591
792712
189269
457238
168064
251013
295345
54502
226626
186020
777279
499456
39521
288638
877171
108979
39010
356223
837001
614141
16626
315610
105060
28196
300614
54545
320655
601954
201455
753244
40894
461793
148871
17209
304350
638770
723109
34218
513421
193445
580570
604517
296244
540100
74425
513898
563430
334901
685868
441140
626469
511434
616417
60804
488681
877207
715891
45377
370189
467493
158266
96296
728095
321457
310074
428041
766698
645269
41400
340375
466536
203519
807444
469800
647763
675051
500034
813000
403033
437203
436514
268878
285178
289660
606805
599339
578405
595930
42413
699153
227989
127846
523529
276293
19669
31207
482542
625161
466372
316740
294825
264625
306942
548353
22005
49157
202201
38646
522093
581409
31145
416298
107488
734173
434308
593442
354912
373965
313708
261059
702923
293183
450049
65595
617682
284494
30152
667314
785379
314538
865027
75509
540368
81010
627655
811090
72788
202236
21998
518369
753175
326006
239112
37704
685169
23249
697566
329382
301087
227991
269592
189312
333669
265658
729317
80248
377245
353338
718073
904542
49273
309486
601550
234346
61497
470822
668540
314908
258962
245044
185518
351126
188602
812917
568873
572637
270929
76027
497099
252420
719730
325166
610190
25052
8504
45896
446847
913236
213408
14801
862575
447094
234984
171726
260814
251466
201452
528554
259204
695663
564722
665422
85712
477916
284922
733300
561489
729268
57204
305774
285000
818399
181960
673552
948247
62164
351982
536233
28850
380298
314313
509860
420942
1060846
661894
473107
446969
833707
778692
808665
428051
700288
298263
703358
185245
310584
334089
496204
448128
353555
319014
390522
792126
521378
448141
327369
15040
1011352
268350
415770
483831
15436
285863
286875
478922
821123
330336
426059
353557
75381
520004
423985
883474
309399
292884
36263
26862
512625
580045
43333
697173
1065148
596702
436547
486275
621364
699120
240829
207292
234864
20064
261636
808740
202949
262514
196834
895552
112436
43899
54418
542965
458675
239561
289057
726756
512732
250054
23340
240333
266663
874658
826465
843747
45876
37696
780020
309648
6411
1015049
464023
779917
436531
807351
293118
510826
341234
796260
940207
633598
591004
516351
41948
460850
493138
81775
278855
770742
560438
373295
33356
318925
794885
36866
637513
400228
300691
593240
24609
564887
753152
311593
414703
483136
300140
605032
304935
359697
131782
63919
87167
696768
646513
570383
639855
658904
798966
205901
470940
30421
661640
302829
999738
30647
302674
880817
318279
247845
1086659
610632
1021775
430029
55131
169805
633933
527180
417498
43255
935909
37410
305811
605599
979
557919
350851
82568
429919
902337
811431
456651
685627
279521
491163
443130
795465
305126
289548
71324
766631
367463
805934
307195
13211
862510
13894
301611
426029
431919
46014
733262
511543
460253
809989
461801
425034
639857
629100
13684
760775
756129
415326
740982
690540
789421
21751
441767
309741
628912
798892
773760
582196
47186
35016
30634
617901
707843
668232
319233
33302
443131
502817
159002
534955
776039
862643
838672
617909
660486
804575
672215
308184
878485
43032
57946
793460
487392
161943
376663
456403
756123
389747
433212
253469
17621
117931
572903
977666
383270
64757
180553
471767
764026
292123
444540
438699
778605
183319
674770
622591
729493
91368
779918
440506
13281
143678
123872
614414
281440
401334
355676
340520
488771
39257
651713
121361
299854
666666
293915
273974
874341
454350
68868
474402
723080
980000
305752
725804
49722
253475
727993
384884
562797
945046
298190
37471
25920
670992
394768
319864
511439
300862
308339
116284
805984
159542
683768
706556
154936
495952
832979
410638
146581
452362
752249
680118
216890
450865
806017
532282
903442
1005329
707745
42672
599776
220312
293928
357105
285049
810167
749972
84933
213494
889626
20215
33655
450284
426054
52380
756203
423995
500658
231931
304322
747139
725570
481941
308764
471271
944614
469822
193162
631938
452354
308646
491830
425471
729302
27792
467647
858287
409809
483833
57197
230770
430847
637491
744197
266486
814076
100857
292150
297714
49032
256241
58560
433208
784255
427646
517575
813872
734776
452215
24593
640441
732899
366899
526430
64160
309409
30633
351324
815683
900105
319446
858969
43686
55237
38095
653003
874665
394391
435141
34509
440035
452421
258589
543525
109004
369507
818618
36295
53555
57289
352970
25025
246168
789382
777272
269142
176355
496652
435154
889835
27099
226441
42844
445601
180554
355328
372621
383890
271579
426987
240997
1019465
469704
96618
971791
495909
359260
797510
351194
430036
250399
36222
487128
617921
827796
523653
27785
58708
706563
728008
635199
68406
665409
630103
39717
573872
434991
782706
866360
31154
54449
42004
47119
101158
192692
350420
572923
448156
781348
16354
817031
292149
26875
264204
619186
392748
100336
302411
305075
172507
551794
794232
235782
842789
350422
555626
357361
23399
294826
97150
215227
643830
527293
294674
761407
721773
326069
831755
310196
623810
485369
319368
97465
649606
278695
43915
749432
15470
275047
419623
442882
62189
296893
277510
38395
714258
256073
429817
507856
227151
709576
913721
199977
442868
1018304
45824
446671
248845
773661
70633
724298
35394
384851
841227
891061
601158
745935
626474
719341
459491
421429
276244
39536
73296
197948
627629
39018
342832
273356
375996
425051
463191
787588
964774
49028
224962
268259
628910
456405
700268
328339
21920
18753
352659
532233
898402
52844
299995
438243
674153
50418
282491
135062
67870
511515
136744
265886
310192
420448
442880
718467
809955
490989
715590
341093
566743
840638
351323
191427
360968
951491
510242
18781
490990
289160
38029
720577
880833
415285
86980
801806
627498
32198
145596
614511
646362
53180
32054
292324
571734
325129
46859
762897
448069
937955
711668
778648
662437
829054
500766
632918
290567
37681
479486
604050
601346
192902
879623
341784
322777
333228
265634
434348
263206
671384
755152
83015
772065
312958
16986
462841
778438
257676
363502
463003
256368
101367
489010
773893
486280
775947
661191
39255
319444
292353
907712
105048
333323
350297
84594
287018
1011340
38709
798999
24236
848597
712953
246615
21679
384197
319767
386905
482630
503079
28127
517491
281796
865030
268709
772147
359966
493492
631491
464249
307663
672819
716889
626464
11859
66397
46478
244352
47820
200815
200408
387711
143843
642644
328538
306173
872961
28264
213627
24182
49151
101374
91294
290239
810114
350178
24243
418595
932332
3120
165024
438631
39632
18173
754843
447986
256669
450681
617704
218943
58009
476664
278981
369429
435910
955516
677266
977680
88932
48154
414345
711030
618850
32800
972944
589182
383318
413886
812902
673434
748288
684386
339270
233206
270914
251266
575258
655215
625160
637309
227128
936470
199271
364002
140041
423046
760101
80482
308294
27254
300108
735408
482656
295347
337878
638679
519734
605301
755735
625196
273255
331088
150548
63615
535757
443479
434898
774748
14023
275995
103369
99135
829106
823617
743170
448113
247506
463192
422898
317595
311114
35889
43989
56867
797657
24172
65686
865024
324359
374208
56606
480581
92976
326498
681064
820898
937947
359931
55207
17435
642684
247862
384528
264495
670625
473105
774628
761357
623139
227987
495819
15886
37679
204840
331905
49107
510244
794865
276477
386418
426025
597901
614096
702873
105604
729217
796208
421022
308606
719234
441318
437354
936110
1004209
378584
489028
846381
804642
113132
968242
43883
313771
42906
5836
84785
41406
296356
680041
836972
278582
962948
103390
918726
271237
82414
41416
801841
40543
960086
326950
825074
117038
896779
827815
555573
605076
300641
284047
760048
812784
150547
59286
733010
10803
652589
729325
894592
688505
279630
715187
406585
646887
878881
36888
292335
55227
640058
249705
787933
89332
406740
385731
36581
55918
73008
417235
769184
796207
55193
252568
856800
766676
13465
447117
420096
147693
694324
321732
545646
249692
363420
299996
303494
962376
289446
735355
730984
808237
313033
255345
16321
876844
425479
465301
42109
662969
297270
716785
12508
77916
736691
629048
147804
489406
270728
271797
393620
375024
470635
43987
153944
18742
967909
674649
51114
47427
364324
441817
455601
32770
186013
319015
723471
502486
150717
220396
24493
727985
280108
815619
480693
353549
67635
266483
732897
479764
388525
805670
940452
642444
661764
23028
173962
465845
425983
255786
109799
16127
679973
34425
458671
515374
682248
216091
336642
328192
941563
202283
887620
584223
264441
284903
774715
544467
214597
735750
470944
265883
340001
40743
235266
575828
922255
13047
157922
299953
521377
752279
830310
120725
568828
626807
682522
531451
466418
39919
74285
242630
738412
569638
271804
352689
971760
153943
502704
420103
326978
41660
421079
36890
937781
294051
48813
421096
40551
641615
888445
281216
79715
476658
19013
781883
607690
914300
336645
745590
31229
865019
897878
619626
480290
421097
15260
801719
210893
197231
240035
653004
166105
353336
35037
544264
43368
471957
426740
699997
339484
338686
299662
972576
104755
221975
153589
288653
388060
150873
57249
805927
281902
302368
465719
85337
356209
260708
121547
394105
38394
30408
507008
651427
351329
252431
594025
197180
567922
215337
23412
662296
961933
751695
21520
734777
887223
1069000
25294
97145
119224
869250
26418
242405
40402
718330
1022011
66108
808692
1026324
30434
831593
479061
41792
528178
357122
449187
26804
84595
385756
589175
775271
530180
47127
50433
667759
363443
378823
126283
442865
243011
425077
715702
247832
781309
788028
625163
38643
615216
86134
632897
444792
200378
330232
306746
199484
540363
427776
471001
851802
302320
530699
597263
475896
24662
1063499
254111
300113
29236
599668
107895
757443
693102
633760
622785
299457
42113
696568
784946
873608
308915
788031
668091
252813
225396
448150
423042
473235
825102
760056
451346
819657
455474
299339
430831
242553
865375
663760
810172
292214
186177
407489
261646
512624
88133
245919
70640
935908
447481
225429
153824
652633
34423
517488
456008
52501
255861
33383
420114
809995
667313
368671
388979
276502
463787
261923
267044
425081
880420
416026
742043
566210
523525
372712
808750
448183
192228
335876
463127
484566
721762
433824
350868
772073
424561
68590
162695
861245
618157
361420
464873
308726
327420
296428
208643
856206
786420
121204
314083
625391
60706
389798
585321
32674
606342
438277
37428
339119
416255
47100
705371
508698
254769
838673
781100
388165
59339
256374
822439
297943
297114
745764
565866
463745
463952
303858
711679
793495
637763
769322
62187
104754
255356
666665
43281
127865
468613
267511
612776
632357
301494
754863
451365
153942
570214
47096
833012
645094
503815
667304
685571
672426
258486
726781
486783
622815
272601
36269
470821
437336
898052
323460
488693
780565
696934
18043
949880
49338
505587
706642
720636
484176
656322
51791
314543
473108
626284
502672
208644
57986
311220
61464
258011
22335
582311
420497
107098
595871
485370
401344
631162
659922
44522
42854
461014
227141
641146
84913
729530
241255
304406
618921
268885
356237
253516
101359
437104
222746
891452
78192
138444
200787
582795
216051
1002839
479390
631161
859930
513939
338239
383709
292384
818225
61503
764028
450243
4734
919828
56605
72520
324371
392276
770666
284899
881704
633738
90517
340330
465265
750615
239246
720579
484177
467300
511542
761368
717051
45173
33930
419454
635167
55807
797635
655528
58603
112326
272411
389052
484583
454279
605100
44965
715485
14580
313829
443903
431755
50459
33092
927989
353852
803788
108961
458806
287448
380341
222011
25471
55216
279617
15441
306025
293981
121991
241913
74781
302132
738421
116683
842575
450247
252849
636248
369347
121526
438676
620145
24935
78244
222111
610197
256354
318429
16562
164356
811506
724772
83142
357106
103468
34227
762805
562109
887218
751563
28955
490260
648892
191473
429052
739383
16121
812920
632803
416121
789385
248715
36260
324928
309763
44635
307946
51805
734219
620133
783329
631136
51460
631128
460984
426988
282700
265843
224553
34336
247355
628650
780942
300876
221310
143347
355682
61117
202953
566377
524793
86979
153610
701228
290749
24661
327716
95857
466188
419683
12514
823559
1005681
672134
293904
153230
477929
641142
249672
24219
48475
458798
280396
266164
637844
40771
1027698
58674
268158
865625
425041
635001
19912
290183
24942
681373
694737
653103
19582
507973
492275
29724
407286
127272
1011351
281167
716745
301468
462091
26861
850421
47825
978470
615337
19480
717358
30285
454117
757245
80241
36718
227971
282008
506782
1017135
56564
84132
430072
746909
505817
539062
181872
184544
475959
24575
747188
151496
112615
71415
655198
444950
430419
207746
798883
23012
476529
1010548
814377
103382
306130
55136
598583
303691
342106
375026
266187
827791
16565
699403
233214
265599
730457
486594
151327
194232
851776
937774
843779
241752
40745
270743
369977
202544
297753
22696
476214
197840
512738
296228
581385
782572
337696
128035
452370
261395
69293
568876
808778
454514
180512
765296
726862
352654
254782
873022
44528
358841
210034
293860
304323
782645
725565
383276
857203
711965
677433
137702
233494
672427
351770
262647
31204
80929
227229
457751
46540
985433
182528
272484
281872
635082
471692
777283
676802
381013
445783
56815
356563
74448
332761
483830
61164
353910
424065
800346
70445
25451
251125
453424
572658
281798
138548
358834
27344
874354
265631
694403
831780
626254
47750
983502
37493
796295
514645
420477
305045
790786
128218
365953
1004206
682213
831573
487513
300758
350849
818438
382507
432916
55180
13349
264994
86183
300717
273594
208793
628656
729206
95049
207729
75703
329368
257756
38037
210971
55251
505008
562286
328454
250014
33854
228494
535691
726212
696653
67158
240392
215209
285829
94960
677773
126827
521256
488320
299212
12469
449243
769381
43039
190131
293375
300284
509056
52135
182235
261999
584547
64999
434352
365157
325186
478925
290959
434300
62188
725534
524148
271562
354475
309344
420052
52410
426038
792121
684908
22322
472047
446593
622390
778677
552263
67331
506401
31745
303868
298502
176606
329884
468720
666696
426739
589783
460644
495915
53187
743470
244706
490273
459868
664983
970623
584001
139899
860977
751060
637892
500670
246486
804567
549906
808313
727078
760191
12114
328254
643858
250556
235850
18101
425070
765113
823758
1057255
194209
43905
282648
359922
500786
18318
831855
302657
38412
61380
252435
505581
456640
746477
313762
685427
876902
129412
65732
39260
739730
142278
169707
365084
658699
459627
634937
371791
456359
738493
207804
290701
706911
261051
792094
408898
626039
578377
444963
658893
260945
557797
358216
93796
356676
41395
356233
56480
758604
318508
865332
718441
674777
332439
51059
912317
100661
246536
283223
713132
274269
206896
588715
44313
50402
340290
507522
747206
251862
250925
259538
57309
703219
657412
954853
582820
842651
265060
217720
735039
451744
68873
604433
812873
18759
743565
429055
582799
14105
613960
219458
154871
558135
44603
48489
241845
611672
49468
615227
423005
307199
895540
509164
32801
331724
357974
46032
102198
462543
57318
360567
56866
649922
51125
182763
455493
173263
749648
28485
211793
249710
621504
29250
151988
258989
269603
263109
297255
15678
270962
437168
465743
23323
497619
788881
22660
12296
305044
782934
423993
416598
636243
953675
296206
868060
363137
492621
222048
314190
319105
446921
196359
620181
452398
705295
18976
860118
261509
262749
420054
444984
24235
22000
774037
633743
145344
777926
992858
242952
274611
293169
713590
500787
229608
638951
899532
422062
639693
778596
789343
653001
688709
840016
460483
52157
45831
322488
203383
566595
52488
467120
62170
322962
706831
356220
309382
594799
49773
442857
426790
791945
690703
289161
56615
647732
946481
258994
259445
278844
98272
207008
724259
72771
794763
311955
84596
417645
905638
509055
583697
329250
35955
288247
446626
1019754
70693
39535
413412
759368
262840
294723
307302
279518
52382
21119
625260
753541
25009
870578
16550
172799
74269
798899
327457
454412
735729
352658
288466
50360
505089
762953
225139
684899
444997
632311
51732
322410
49268
473845
162718
35066
705783
173016
62748
391446
31241
456410
770601
578180
84501
521353
990466
43354
804031
853382
358531
466417
161995
41804
490887
1069446
725298
290684
600285
882184
332233
721764
694223
62028
324847
466489
611495
533656
294731
311212
515978
58707
467297
773357
215134
187425
607605
59405
1030981
78256
184158
442511
550513
45171
937462
73576
473719
167512
313769
247972
26783
822474
830301
616472
506791
222971
487580
790755
432147
901553
701253
581192
312998
466508
466380
165715
36820
470860
39725
298251
608923
467609
626282
221567
126887
579378
421030
624035
754197
427344
413315
546994
910132
805969
672939
468761
25447
556487
57991
128232
30631
461735
458775
427990
773393
893753
35662
615605
15677
90390
12527
377549
332808
462055
1006605
357114
605219
429054
419118
751040
30691
819514
432140
285055
683691
30199
153307
431088
206193
437575
808785
711851
387098
386557
44542
206691
21678
250213
137487
790774
312715
394215
220245
1033126
286064
714723
694314
941309
191983
325167
197409
639800
72849
25901
468646
434329
308947
690521
55924
375038
844157
315164
25986
27265
815676
35665
669127
919818
390568
257605
709696
651300
458787
370206
242062
288965
44920
318522
468711
28682
227650
32006
590544
618925
243519
874350
554875
670521
635295
741596
790792
770597
337625
668698
17395
392368
26803
661425
258933
770547
870792
750259
17379
713976
124807
255698
30212
253563
189432
646535
44541
18511
957302
52484
159538
229680
774685
421076
650153
303615
466074
297008
271504
544349
299826
788037
1001826
275138
318
37684
642998
141039
829174
525353
562434
489407
495898
44326
796262
773892
625055
297857
299922
232233
769084
587906
521383
704083
21301
203348
607667
702857
309419
16334
801650
308378
147193
724359
815147
286570
23329
724264
657869
948246
506733
791867
255800
29331
484955
215136
270910
89254
1009000
279497
87780
452981
626466
185954
431086
304348
440299
480274
52381
143359
29720
459869
699998
660999
42746
667899
775950
168727
483874
424737
637683
190868
622807
428800
377179
598859
47955
72827
202277
28004
685422
464311
301954
332773
666670
248192
58726
364944
62891
432979
293737
8625
647547
352083
445552
839020
424990
512241
622941
42624
753575
677082
277429
329012
611512
993938
240919
1032066
246907
319289
179785
705926
690569
290053
256399
303586
450188
611490
319004
734513
272614
986856
901555
804400
267339
361744
526433
778955
183412
41037
957128
28743
800324
790313
318212
160283
226256
296217
428048
286981
947193
155414
421098
173235
821045
359946
202411
296941
782677
432970
57628
211805
690294
352476
263089
13256
194235
430647
268091
31746
437636
762613
414150
249603
38106
723116
82555
53066
843726
707853
708460
410717
11673
567533
485033
292295
497121
88111
181259
239811
601445
994067
522518
397688
102620
198692
555189
46229
794870
302207
910022
754792
656586
801827
77292
94595
855812
126774
40862
508427
296948
263087
247796
288964
36289
307248
849062
30063
181962
531344
194552
319857
290777
181257
430644
579513
476568
125449
882204
481069
51103
54541
276772
292441
62382
113925
221200
909061
330102
561817
794839
288856
504272
430829
351198
412579
423043
928993
633764
304731
670993
306733
317360
732862
419130
16768
281922
506283
836968
303576
608935
498241
422010
32744
288260
91154
409895
49470
187929
885701
437616
19014
425067
731371
322332
419131
480572
872349
469434
746760
335796
75601
372584
393329
102224
355347
21637
785354
499548
139012
789369
528570
13900
336712
224115
364315
577868
292259
773400
685812
111789
829032
355597
736597
434359
803165
287875
342683
497028
266672
826471
240053
329970
902325
16102
126225
154478
642564
83314
794606
305836
672261
511431
468609
672385
23001
300727
597034
468602
24076
51704
565061
832891
567939
448172
285859
303478
732987
173133
411065
417484
277518
648924
46239
382637
718148
451857
336233
78713
654049
184059
555113
318866
88118
184055
579972
537525
307308
69880
45810
748157
463165
615420
300743
754929
779983
426065
468760
341161
576986
308674
939182
764582
459082
515147
274669
576991
34496
33375
862339
293171
775955
63605
829100
467298
582184
302102
284953
500672
452359
22277
440200
875673
709110
778663
602655
61803
622615
64155
828921
305370
812256
23015
354757
432962
952527
305681
1008989
24668
45560
520116
378729
352218
428411
165895
488596
205881
165235
316124
25470
273273
800430
523165
769467
311665
427997
980002
176250
228820
26563
351321
263050
767854
194846
376556
332625
522250
436507
817122
883477
335867
837026
705278
17628
456563
715838
971393
622582
768677
481462
14782
864349
315636
793502
274654
25185
711856
20732
416222
27798
757448
617728
749750
12717
290685
303104
334308
358829
316658
308202
64157
268160
198926
267847
273260
657487
632546
653995
282927
617721
469824
302109
459860
421107
316107
766567
53300
798994
303601
180204
747014
800275
289078
480296
640469
387295
278984
169474
445908
278614
451309
35890
304727
35076
286610
25926
512232
660169
273551
489792
292905
145509
710736
36693
160345
294829
53842
161407
440367
47740
54572
231777
778703
815428
464723
521381
469798
14323
670999
23334
712949
748176
710740
456131
497127
569834
409896
221208
721106
32258
806367
80242
801836
17282
442881
351196
293743
31228
100595
724375
275012
13752
1054935
447119
677430
373365
436268
395397
483427
871028
257817
385645
641695
825945
41159
352656
407993
422001
869053
86996
182727
1019502
50461
586387
467303
40868
63916
299714
822986
40242
389707
281869
728446
200365
822403
129457
50445
408903
839422
435340
182576
21282
589949
39772
139676
662400
773216
155456
62861
450110
437618
428626
578397
696687
62210
814285
452401
499457
385635
335046
510246
30479
574545
208398
329397
807374
339564
500029
447596
249654
32262
577568
579773
498619
466893
287469
371802
611683
605033
386904
188646
366123
765586
353889
355794
385328
177780
745298
373270
510772
29722
654417
462915
194970
417081
74603
745387
396894
939862
22610
470820
414338
907713
731659
587784
49824
28214
528478
227155
460931
483857
329378
76907
32215
810128
323539
525666
937372
350862
274796
715784
269023
88165
629877
865325
515135
307924
445605
616451
701588
86520
876916
429816
46845
432965
10802
30207
20525
294832
206470
67072
41398
17396
434065
313547
62203
200152
390594
968234
950333
865397
234804
319432
850474
421923
677068
594953
341035
943598
446025
519994
339258
645222
22964
236548
58682
365970
871875
314858
817117
865303
433266
711849
297266
311844
901763
585111
286118
365461
787992
11676
197652
385753
446841
978823
244705
67159
744181
503141
772071
619098
44540
466533
788320
609676
13897
903749
629092
517229
201880
132590
122827
290869
201550
767796
224735
196695
606884
15035
47839
371815
780847
620417
299705
395783
482963
330061
113442
615251
456664
30196
985518
855508
536602
599213
836295
238624
16322
15459
279509
416265
941473
576990
697990
506280
49936
159512
251472
422011
711315
44575
189728
711667
306529
380938
302873
32536
37275
326936
131783
43963
202590
543051
331589
446994
307024
628659
535297
537526
31907
242008
740718
620374
294259
42836
267191
449191
288402
415271
821439
13929
147424
750974
40164
634367
374270
72842
424068
292155
423986
614184
16406
443567
661641
187303
103467
272433
240718
506663
853115
724360
594782
300725
758750
413408
261376
465422
274629
21837
515127
43254
275709
15865
36914
453992
706568
420104
488594
384957
989197
526723
769257
537772
805708
509613
754864
557851
354427
257100
652624
28897
627842
716970
875886
351988
71880
194864
421106
282595
418118
670530
39631
384156
441453
879631
650220
35087
143988
488720
330894
709341
668695
276687
1001898
481332
47168
781600
105605
764984
74008
749722
22973
26870
681230
267905
695625
73153
617708
298362
650217
299663
64179
601010
207005
406583
491105
421114
821047
288351
1031932
227969
486270
431080
456616
1033901
27530
621570
619119
460956
834387
835725
545311
51150
127274
58531
684824
443925
334799
295690
893232
385636
374342
758748
334491
287411
438787
249201
626799
62185
20433
458809
28961
657881
354249
642431
53137
691830
214820
289879
306480
660219
40262
33853
288319
268171
368651
611766
93287
675609
41386
477722
736718
220306
842281
713232
381010
879821
203392
164473
13115
16080
803166
59983
80244
591164
863022
777303
51161
221149
386417
790704
118661
294580
283426
484215
293122
29243
108901
782679
449127
602445
661226
640047
166475
526881
48447
310368
40871
951428
367711
794088
689669
248748
388876
71161
265316
624264
472752
154739
992886
288362
301313
43284
468414
15010
265323
523477
294299
23384
302956
25910
584987
1020629
102310
454033
662434
17197
953250
415284
391880
6103
394122
160333
180642
805985
800191
250598
782581
437633
222423
598558
447696
1033116
769372
72585
25028
277296
721502
587001
183126
45893
354703
242785
200813
725294
447112
284758
626750
11661
251933
234354
350289
407596
35017
74117
707534
149685
739416
40762
253174
532381
78466
470819
262390
663553
288154
591165
184840
733288
201108
242408
38895
287521
92177
615136
657432
32748
331080
305073
814204
410708
453994
133393
369314
664450
576996
50322
469826
1005402
767947
444996
576624
310191
877271
374928
297741
814294
308878
732681
436546
53839
466506
96939
246042
642425
14802
275207
425059
895819
188755
285239
132980
437349
453489
457470
30695
300141
685777
18088
332552
293167
43048
362473
257519
315028
653769
277309
389734
200360
207823
55928
674854
329765
878267
46494
40139
247976
220156
21609
447073
257893
163005
28969
130209
631110
406732
491828
606379
711032
27786
148901
774690
645417
882751
33882
892441
560854
569914
1013652
21989
35028
298609
756194
374125
431085
583712
504452
794849
721874
16746
420044
822235
498360
186766
275458
62216
423040
388171
271267
232674
448127
704101
31727
267907
704088
105061
415345
814264
883388
478353
38916
701251
770697
151047
12847
483890
475260
444544
532235
668937
322201
610207
223732
784030
33862
982233
429013
816863
703211
293147
871716
872931
46513
290164
503194
44609
288692
266136
435163
765378
754837
736701
871227
811285
99157
515133
12305
507009
61819
293723
40154
55211
40240
687542
59398
781382
273820
610315
849094
621639
867947
296209
429051
194295
330265
312589
434338
18331
54525
245898
627676
298608
204145
1039433
216859
929769
869723
355790
637308
46476
270545
182656
360969
452803
695547
49461
483859
47373
9925
258458
302111
762676
748393
291046
480245
259841
354671
49708
677461
363543
212608
305765
952769
213390
572921
57002
283710
259676
592103
540361
845110
229584
935913
990530
29636
265318
51705
498303
404576
233578
546939
710390
81785
279372
690357
790322
278752
259815
299107
238250
16123
271561
715588
37698
64312
65834
294499
204493
942882
281102
415319
790712
217768
21285
622696
310877
227491
371014
574250
859899
15242
857248
466378
53856
14986
567713
44355
846485
250927
24605
482626
359924
381984
684684
81402
1004621
836729
865236
260920
636496
508202
153851
280391
294551
17413
679841
15662
294407
625027
331594
134080
54529
549194
415567
372598
376554
46516
31148
352122
732599
283614
657666
199671
445857
990015
26413
445553
380339
418161
60188
35075
30712
775290
357518
517595
16120
252422
448607
102180
207303
323274
13932
618956
142126
89917
651810
304404
351918
622789
154753
509984
389046
298264
43885
71870
352958
825127
371817
751889
289762
713595
462087
632367
250015
55883
353131
791866
618055
301021
71869
215994
249393
858167
790586
534939
455549
504264
840168
396678
326979
69241
459729
315356
490602
43073
338282
447104
369356
353553
334801
50393
526050
688339
302150
791861
301421
673640
641109
579553
492653
290079
747132
198495
772080
424789
720934
454497
204566
16570
683157
264488
816944
808652
632716
194947
465421
174741
774554
144201
512621
841322
642453
318997
421024
305582
22997
456545
442617
352134
455472
230900
667891
54443
702106
21948
818314
147308
596818
719691
354477
435424
185406
24670
